"","X4.Nplus.OTU_0000063","X4.Nplus.OTU_0000016","X4.Nplus.OTU_0000024","X4.Nplus.OTU_0000004","X4.Nplus.OTU_0000005","X4.Nplus.OTU_0000018","X4.Nplus.OTU_0000199","X4.Nplus.OTU_0000133","X4.Nplus.OTU_0000087","X4.Nplus.OTU_0000036","X4.Nplus.OTU_0000043","X4.Nplus.OTU_0000044","X4.Nplus.OTU_0000076","X4.Nplus.OTU_0000141","X4.Nplus.OTU_0000083","X4.Nplus.OTU_0000008","X4.Nplus.OTU_0000015","X4.Nplus.OTU_0000046","X4.Nplus.OTU_0000038","X4.Nplus.OTU_0000061","X4.Nplus.OTU_0000006","X4.Nplus.OTU_0000023","X4.Nplus.OTU_0000060","X4.Nplus.OTU_0000020","X4.Nplus.OTU_0000035","X4.Nplus.OTU_0000327","X4.Nplus.OTU_0000235","X4.Nplus.OTU_0000120","X4.Nplus.OTU_0000007","X4.Nplus.OTU_0000148","X4.Nplus.OTU_0000051","X4.Nplus.OTU_0000030","X4.Nplus.OTU_0000014","X4.Nplus.OTU_0000017","X4.Nplus.OTU_0000050","X4.Nplus.OTU_0000365","X4.Nplus.OTU_0000075","X4.Nplus.OTU_0000353","X4.Nplus.OTU_0000071","X4.Nplus.OTU_0000168","X4.Nplus.OTU_0000057","X4.Nplus.OTU_0000049","X4.Nplus.OTU_0000065","X4.Nplus.OTU_0000009","X4.Nplus.OTU_0000062","X4.Nplus.OTU_0000159","X4.Nplus.OTU_0000012","X4.Nplus.OTU_0000135","X4.Nplus.OTU_0000039","X4.Nplus.OTU_0000185","X4.Nplus.OTU_0000025","X4.Nplus.OTU_0000152","X4.Nplus.OTU_0000154","X4.Nplus.OTU_0000037","X4.Nminus.OTU_0000063","X4.Nminus.OTU_0000016","X4.Nminus.OTU_0000024","X4.Nminus.OTU_0000004","X4.Nminus.OTU_0000005","X4.Nminus.OTU_0000018","X4.Nminus.OTU_0000199","X4.Nminus.OTU_0000133","X4.Nminus.OTU_0000087","X4.Nminus.OTU_0000036","X4.Nminus.OTU_0000043","X4.Nminus.OTU_0000044","X4.Nminus.OTU_0000076","X4.Nminus.OTU_0000141","X4.Nminus.OTU_0000083","X4.Nminus.OTU_0000008","X4.Nminus.OTU_0000015","X4.Nminus.OTU_0000046","X4.Nminus.OTU_0000038","X4.Nminus.OTU_0000061","X4.Nminus.OTU_0000006","X4.Nminus.OTU_0000023","X4.Nminus.OTU_0000060","X4.Nminus.OTU_0000020","X4.Nminus.OTU_0000035","X4.Nminus.OTU_0000327","X4.Nminus.OTU_0000235","X4.Nminus.OTU_0000120","X4.Nminus.OTU_0000007","X4.Nminus.OTU_0000148","X4.Nminus.OTU_0000051","X4.Nminus.OTU_0000030","X4.Nminus.OTU_0000014","X4.Nminus.OTU_0000017","X4.Nminus.OTU_0000050","X4.Nminus.OTU_0000365","X4.Nminus.OTU_0000075","X4.Nminus.OTU_0000353","X4.Nminus.OTU_0000071","X4.Nminus.OTU_0000168","X4.Nminus.OTU_0000057","X4.Nminus.OTU_0000049","X4.Nminus.OTU_0000065","X4.Nminus.OTU_0000009","X4.Nminus.OTU_0000062","X4.Nminus.OTU_0000159","X4.Nminus.OTU_0000012","X4.Nminus.OTU_0000135","X4.Nminus.OTU_0000039","X4.Nminus.OTU_0000185","X4.Nminus.OTU_0000025","X4.Nminus.OTU_0000152","X4.Nminus.OTU_0000154","X4.Nminus.OTU_0000037","X8.Nplus.OTU_0000063","X8.Nplus.OTU_0000016","X8.Nplus.OTU_0000024","X8.Nplus.OTU_0000004","X8.Nplus.OTU_0000005","X8.Nplus.OTU_0000018","X8.Nplus.OTU_0000199","X8.Nplus.OTU_0000133","X8.Nplus.OTU_0000087","X8.Nplus.OTU_0000036","X8.Nplus.OTU_0000043","X8.Nplus.OTU_0000044","X8.Nplus.OTU_0000076","X8.Nplus.OTU_0000141","X8.Nplus.OTU_0000083","X8.Nplus.OTU_0000008","X8.Nplus.OTU_0000015","X8.Nplus.OTU_0000046","X8.Nplus.OTU_0000038","X8.Nplus.OTU_0000061","X8.Nplus.OTU_0000006","X8.Nplus.OTU_0000023","X8.Nplus.OTU_0000060","X8.Nplus.OTU_0000020","X8.Nplus.OTU_0000035","X8.Nplus.OTU_0000327","X8.Nplus.OTU_0000235","X8.Nplus.OTU_0000120","X8.Nplus.OTU_0000007","X8.Nplus.OTU_0000148","X8.Nplus.OTU_0000051","X8.Nplus.OTU_0000030","X8.Nplus.OTU_0000014","X8.Nplus.OTU_0000017","X8.Nplus.OTU_0000050","X8.Nplus.OTU_0000365","X8.Nplus.OTU_0000075","X8.Nplus.OTU_0000353","X8.Nplus.OTU_0000071","X8.Nplus.OTU_0000168","X8.Nplus.OTU_0000057","X8.Nplus.OTU_0000049","X8.Nplus.OTU_0000065","X8.Nplus.OTU_0000009","X8.Nplus.OTU_0000062","X8.Nplus.OTU_0000159","X8.Nplus.OTU_0000012","X8.Nplus.OTU_0000135","X8.Nplus.OTU_0000039","X8.Nplus.OTU_0000185","X8.Nplus.OTU_0000025","X8.Nplus.OTU_0000152","X8.Nplus.OTU_0000154","X8.Nplus.OTU_0000037","X8.Nminus.OTU_0000063","X8.Nminus.OTU_0000016","X8.Nminus.OTU_0000024","X8.Nminus.OTU_0000004","X8.Nminus.OTU_0000005","X8.Nminus.OTU_0000018","X8.Nminus.OTU_0000199","X8.Nminus.OTU_0000133","X8.Nminus.OTU_0000087","X8.Nminus.OTU_0000036","X8.Nminus.OTU_0000043","X8.Nminus.OTU_0000044","X8.Nminus.OTU_0000076","X8.Nminus.OTU_0000141","X8.Nminus.OTU_0000083","X8.Nminus.OTU_0000008","X8.Nminus.OTU_0000015","X8.Nminus.OTU_0000046","X8.Nminus.OTU_0000038","X8.Nminus.OTU_0000061","X8.Nminus.OTU_0000006","X8.Nminus.OTU_0000023","X8.Nminus.OTU_0000060","X8.Nminus.OTU_0000020","X8.Nminus.OTU_0000035","X8.Nminus.OTU_0000327","X8.Nminus.OTU_0000235","X8.Nminus.OTU_0000120","X8.Nminus.OTU_0000007","X8.Nminus.OTU_0000148","X8.Nminus.OTU_0000051","X8.Nminus.OTU_0000030","X8.Nminus.OTU_0000014","X8.Nminus.OTU_0000017","X8.Nminus.OTU_0000050","X8.Nminus.OTU_0000365","X8.Nminus.OTU_0000075","X8.Nminus.OTU_0000353","X8.Nminus.OTU_0000071","X8.Nminus.OTU_0000168","X8.Nminus.OTU_0000057","X8.Nminus.OTU_0000049","X8.Nminus.OTU_0000065","X8.Nminus.OTU_0000009","X8.Nminus.OTU_0000062","X8.Nminus.OTU_0000159","X8.Nminus.OTU_0000012","X8.Nminus.OTU_0000135","X8.Nminus.OTU_0000039","X8.Nminus.OTU_0000185","X8.Nminus.OTU_0000025","X8.Nminus.OTU_0000152","X8.Nminus.OTU_0000154","X8.Nminus.OTU_0000037","X12.Nplus.OTU_0000063","X12.Nplus.OTU_0000016","X12.Nplus.OTU_0000024","X12.Nplus.OTU_0000004","X12.Nplus.OTU_0000005","X12.Nplus.OTU_0000018","X12.Nplus.OTU_0000199","X12.Nplus.OTU_0000133","X12.Nplus.OTU_0000087","X12.Nplus.OTU_0000036","X12.Nplus.OTU_0000043","X12.Nplus.OTU_0000044","X12.Nplus.OTU_0000076","X12.Nplus.OTU_0000141","X12.Nplus.OTU_0000083","X12.Nplus.OTU_0000008","X12.Nplus.OTU_0000015","X12.Nplus.OTU_0000046","X12.Nplus.OTU_0000038","X12.Nplus.OTU_0000061","X12.Nplus.OTU_0000006","X12.Nplus.OTU_0000023","X12.Nplus.OTU_0000060","X12.Nplus.OTU_0000020","X12.Nplus.OTU_0000035","X12.Nplus.OTU_0000327","X12.Nplus.OTU_0000235","X12.Nplus.OTU_0000120","X12.Nplus.OTU_0000007","X12.Nplus.OTU_0000148","X12.Nplus.OTU_0000051","X12.Nplus.OTU_0000030","X12.Nplus.OTU_0000014","X12.Nplus.OTU_0000017","X12.Nplus.OTU_0000050","X12.Nplus.OTU_0000365","X12.Nplus.OTU_0000075","X12.Nplus.OTU_0000353","X12.Nplus.OTU_0000071","X12.Nplus.OTU_0000168","X12.Nplus.OTU_0000057","X12.Nplus.OTU_0000049","X12.Nplus.OTU_0000065","X12.Nplus.OTU_0000009","X12.Nplus.OTU_0000062","X12.Nplus.OTU_0000159","X12.Nplus.OTU_0000012","X12.Nplus.OTU_0000135","X12.Nplus.OTU_0000039","X12.Nplus.OTU_0000185","X12.Nplus.OTU_0000025","X12.Nplus.OTU_0000152","X12.Nplus.OTU_0000154","X12.Nplus.OTU_0000037","X12.Nminus.OTU_0000063","X12.Nminus.OTU_0000016","X12.Nminus.OTU_0000024","X12.Nminus.OTU_0000004","X12.Nminus.OTU_0000005","X12.Nminus.OTU_0000018","X12.Nminus.OTU_0000199","X12.Nminus.OTU_0000133","X12.Nminus.OTU_0000087","X12.Nminus.OTU_0000036","X12.Nminus.OTU_0000043","X12.Nminus.OTU_0000044","X12.Nminus.OTU_0000076","X12.Nminus.OTU_0000141","X12.Nminus.OTU_0000083","X12.Nminus.OTU_0000008","X12.Nminus.OTU_0000015","X12.Nminus.OTU_0000046","X12.Nminus.OTU_0000038","X12.Nminus.OTU_0000061","X12.Nminus.OTU_0000006","X12.Nminus.OTU_0000023","X12.Nminus.OTU_0000060","X12.Nminus.OTU_0000020","X12.Nminus.OTU_0000035","X12.Nminus.OTU_0000327","X12.Nminus.OTU_0000235","X12.Nminus.OTU_0000120","X12.Nminus.OTU_0000007","X12.Nminus.OTU_0000148","X12.Nminus.OTU_0000051","X12.Nminus.OTU_0000030","X12.Nminus.OTU_0000014","X12.Nminus.OTU_0000017","X12.Nminus.OTU_0000050","X12.Nminus.OTU_0000365","X12.Nminus.OTU_0000075","X12.Nminus.OTU_0000353","X12.Nminus.OTU_0000071","X12.Nminus.OTU_0000168","X12.Nminus.OTU_0000057","X12.Nminus.OTU_0000049","X12.Nminus.OTU_0000065","X12.Nminus.OTU_0000009","X12.Nminus.OTU_0000062","X12.Nminus.OTU_0000159","X12.Nminus.OTU_0000012","X12.Nminus.OTU_0000135","X12.Nminus.OTU_0000039","X12.Nminus.OTU_0000185","X12.Nminus.OTU_0000025","X12.Nminus.OTU_0000152","X12.Nminus.OTU_0000154","X12.Nminus.OTU_0000037","X16.Nplus.OTU_0000063","X16.Nplus.OTU_0000016","X16.Nplus.OTU_0000024","X16.Nplus.OTU_0000004","X16.Nplus.OTU_0000005","X16.Nplus.OTU_0000018","X16.Nplus.OTU_0000199","X16.Nplus.OTU_0000133","X16.Nplus.OTU_0000087","X16.Nplus.OTU_0000036","X16.Nplus.OTU_0000043","X16.Nplus.OTU_0000044","X16.Nplus.OTU_0000076","X16.Nplus.OTU_0000141","X16.Nplus.OTU_0000083","X16.Nplus.OTU_0000008","X16.Nplus.OTU_0000015","X16.Nplus.OTU_0000046","X16.Nplus.OTU_0000038","X16.Nplus.OTU_0000061","X16.Nplus.OTU_0000006","X16.Nplus.OTU_0000023","X16.Nplus.OTU_0000060","X16.Nplus.OTU_0000020","X16.Nplus.OTU_0000035","X16.Nplus.OTU_0000327","X16.Nplus.OTU_0000235","X16.Nplus.OTU_0000120","X16.Nplus.OTU_0000007","X16.Nplus.OTU_0000148","X16.Nplus.OTU_0000051","X16.Nplus.OTU_0000030","X16.Nplus.OTU_0000014","X16.Nplus.OTU_0000017","X16.Nplus.OTU_0000050","X16.Nplus.OTU_0000365","X16.Nplus.OTU_0000075","X16.Nplus.OTU_0000353","X16.Nplus.OTU_0000071","X16.Nplus.OTU_0000168","X16.Nplus.OTU_0000057","X16.Nplus.OTU_0000049","X16.Nplus.OTU_0000065","X16.Nplus.OTU_0000009","X16.Nplus.OTU_0000062","X16.Nplus.OTU_0000159","X16.Nplus.OTU_0000012","X16.Nplus.OTU_0000135","X16.Nplus.OTU_0000039","X16.Nplus.OTU_0000185","X16.Nplus.OTU_0000025","X16.Nplus.OTU_0000152","X16.Nplus.OTU_0000154","X16.Nplus.OTU_0000037","X16.Nminus.OTU_0000063","X16.Nminus.OTU_0000016","X16.Nminus.OTU_0000024","X16.Nminus.OTU_0000004","X16.Nminus.OTU_0000005","X16.Nminus.OTU_0000018","X16.Nminus.OTU_0000199","X16.Nminus.OTU_0000133","X16.Nminus.OTU_0000087","X16.Nminus.OTU_0000036","X16.Nminus.OTU_0000043","X16.Nminus.OTU_0000044","X16.Nminus.OTU_0000076","X16.Nminus.OTU_0000141","X16.Nminus.OTU_0000083","X16.Nminus.OTU_0000008","X16.Nminus.OTU_0000015","X16.Nminus.OTU_0000046","X16.Nminus.OTU_0000038","X16.Nminus.OTU_0000061","X16.Nminus.OTU_0000006","X16.Nminus.OTU_0000023","X16.Nminus.OTU_0000060","X16.Nminus.OTU_0000020","X16.Nminus.OTU_0000035","X16.Nminus.OTU_0000327","X16.Nminus.OTU_0000235","X16.Nminus.OTU_0000120","X16.Nminus.OTU_0000007","X16.Nminus.OTU_0000148","X16.Nminus.OTU_0000051","X16.Nminus.OTU_0000030","X16.Nminus.OTU_0000014","X16.Nminus.OTU_0000017","X16.Nminus.OTU_0000050","X16.Nminus.OTU_0000365","X16.Nminus.OTU_0000075","X16.Nminus.OTU_0000353","X16.Nminus.OTU_0000071","X16.Nminus.OTU_0000168","X16.Nminus.OTU_0000057","X16.Nminus.OTU_0000049","X16.Nminus.OTU_0000065","X16.Nminus.OTU_0000009","X16.Nminus.OTU_0000062","X16.Nminus.OTU_0000159","X16.Nminus.OTU_0000012","X16.Nminus.OTU_0000135","X16.Nminus.OTU_0000039","X16.Nminus.OTU_0000185","X16.Nminus.OTU_0000025","X16.Nminus.OTU_0000152","X16.Nminus.OTU_0000154","X16.Nminus.OTU_0000037"
"OTU_0000063",0,0,0,0,0,0,0,0,0,0,0,0,0,0,0,0,0,0,0,0,0,0,0,0,0,0,0,0,0,0,0,0,0,0,0,0,0,0,0,0,0,0,-0.0185693103480089,0,0,0.208304174083865,0,0,0,0,0,0,0,0,0,0,0,0,0,0,0,0,0,0,0,0,0,0,0,0,0,0,0,0,0,0,0,0,0,0,0,0,0,0,0,0,0,0,0,0,0,0,0,0,0,0,0,0,0,0,0,0,0,0,0,0,0,0,0,0,0,0,0,0,0,0,0,0,0,0,0,0,0,0,0,0,0,0,0,0,0,0,0,0,0,0,0,0,0,0,0,0,0,0,0,0,0,0,0,0,0,0,0,0,0,0,0,0,0,0,0,0,0,0,0,0,0,-0.0378183398722554,0,0.112929962960953,0,0,-0.144266775610435,0,0,0,0,0,0,0,0,0,0,0,0,0,0,-0.0879825863759495,0,0,0,0,0,0,0,-0.0237379644872412,0,0,0,0,0,0,0,0,0,0,0,0,0,0,0,0,0,0,0,0,0,0,0,0,0,0,0,0,0,0,0,0,0,0,0,0,0,0,0,0,0,0,0,0,0,0,0,0,0,0,0,0,0,0,0,0,0,0,0,0,0,0,0,0,0,0,0,0,0,0,0,0,0,0,0,0,0,0,0,0,0,0,0,0,0,0,0,0,0,0,0,0,0,0,0,0,0,0,0,0,0,0,0,0,0,0,0,0,0,0,0,0,0,0,0,0,0,0,0,0,0,0,0,0,0,0,0,0,0,0,0,0,0,0,0,0.072791009059069,0,0,-0.0625176509972898,0,0,0,0,0,0,0,0,0,0,0,0,0,0,0,0,0,0,0,0,0,0,0,0,0,0,0,0,0,0,0,0,0,0,0,0,0,0,0,0,0,0,0,0,0,0,0,0,0,0,0.110002974441921,0,0,-0.0625176509972898,0,0,0.0144466784880229,0,0,0,0,0,0,0,0,0,0,0,0,0,0,0,0,0,0,0,0,0,0,0,0,0,0,0,0,-0.00277940460461934,0,0,0,0,0,0,0,0,0,0,0
"OTU_0000016",0,0,-0.0709297253957841,0,0,0,0.230548868690558,0,0,0,0,0,-0.017159810594553,0,0,0,0,0,0,0,0,0,0,0,0,0,0.0951613520606497,0,0,0,0,0,-0.00121461813962882,0,0,0,0,0,0,0,-0.0713848187366567,0,0,-0.137579186913434,0,0,0,0,0,0,0,0,0,0,0,0,0,0,0,0,0.230548868690558,0,0,0,0,0,0,0,0,0,0,0,0,0,0,0,0,0,0,0,0.084843359500222,0,0,0,0,0,0,0,0,0,0,0,0,0,0,0,0,0,0,0,0,0,0,0,0,0,0,0,0,0,0,0,0,0,0.209503183998247,0,0,0,0,0,0,0,0,0,0,0,0,0,0,0,0,0,0,0,0.0862861608298589,0,0,0,0,0,0,0,0,0,0,0,0,0,0,0,0,0,0,0,0,0,0,0,0,0,0,0,0,0,0,0,0,0,0.203049359887969,0,0,0,0,0,0,0,0,0,0,0,0,0,0,0,0,0,0,0,0.100210775112865,0,0,0,0,0,0,0,0,0,0,0,0,0,-0.142115243581255,0,0,0,0,0,0,0,0,0,0,0,0,0,0,0,0,0.00783734907097013,0,0,0,0,0.00371218592311025,0.0403363776515409,0,0,0,0,0,0,0,0,0,0,0,0,0,0,0,0,0.125322410042384,0.00799890557581676,0,0,0,0,0,0,0,0,0,0.0183113926873808,0,0,0,0,0,0,0,0,0,0,0,0,0,0,0,0,0,0,0,0,0,0,0.0505115507354533,0,0,0,0,0,0,0,0,0,0,0,0,0,0,0,0,0,0,0,0.0132894052330929,0,0,0,0,0,0,0,0,0,0,0,0,0,0,0,0,0,0,0,0,0,0,0,0,0,0,0,0,0,0,0,0,0,0.0500842601903439,0,0,0,0,0,0,0,0,0,0,0,0,0,0,0,0,0,0,0,0.0788623574987311,0,0,0,0,0,0,0,0,0,0,0,0,0,0,0,0,0,0,0,0,0,0,0,0,0,0,0,0,0,0,0,0,0,0.0500842601903439,0,0,0,0,0,0,0,0,0,0,0,0,0,0,0,0,0,0,0,0.124203299228199,0,0,0,0,0,0,0,0,0,0,0,0,0,0,0,0,0,0,0,0,0,0,0,0,0,0,0
"OTU_0000024",0,-0.0709297253957841,0,0,0,0,0,0,0,0,0,0,0,0,0,0,0,0,0,0,0,0,0,0,0,0,0,0,0,0,0,0,0,0,0,0,0,0,0,0,0,0,0,0.139783273984817,0,0,0,0,0,0,0,0,0,0,0,0,0,0,0,0,0,0,0,0,0,0,0,0,0,0,0,0,0,0,0,0,0,0,0,0,0,0,0,0,0,0,0,0,0,0,0,0,0,0,0,0,0,0,0,0,0,0,0,0,0,0,0,0,0,0,0,0,0,0,0,0,0,0,-0.0100425850775566,0,0,0,0,0,0,0,0,0,0,0,0,0,0,0,0,0,0,0,0,0,0,0,0,0,0,0,0,0,0,0,0,0,0,0,0,0,0,0,0,0,0,0,0,0,0,0,0,0,0,0,0,0,0,0,0,0,0,0,0,0,0,0,0,0,0,0,0,0,0,0,0,0,0,0,0,0,0,0,0,0,0,0,0,0,0,0,0,0,0,0,0,0,0,0,0,0,0,0,0,0,0,0,0,0.00386073734550578,0,0,0,0,0,0,0,0,0,0,0,0,0,0,0,0,0,0,0,0,0,0,0,0,0,0,0,0,0,0,0,0,0,0,0,0,0,0,0,0,0,0,0,0,0,0,0,0,0,0,0,0,0,0,0.0513682200087889,0,0,0,0,0,0,0,0,0,0,0,0,0,0,0,0,0,0,0,0,0,0,0,0,-0.0252097753702193,0,0,0,0,0,0.0417940096419809,0,0,0,0,0,0,0,0,0,0,0,0,0,0,0,0,0,0,0,0,0,0,0,0,0,0,0,0,0,0,0,0,0,0,0,0,0,0,0,0,0,0,0,0,0,0,0,0,0,0,0,0,0,0,0,0,0,0,0,0,0,0,0,0,0,0,0,0,0,0,0,0,0,0,0,0,0,0,0,0,0,0,0,0,0,0,0,0,0,0,0,0,0,0,0,0,0,0,0,0,0,0,0,0,0,0,0,0,0,0,0,0,0,0,0,0,0,0,0,0,0,0
"OTU_0000004",0,0,0,0,0,-0.139331503385491,0,0.0161364330631356,0,0,0,0,0,0,0,0,0,0,0.0443976192888683,0,0,0,0,0,0,0,0,0,0,0,0,0,0,0,0,-0.122812688293946,0,-0.00265341152810957,0,0,0,0,0,0.032857715229052,0,0,0,0,0,0,0,0,0,0,0,0,0,0,0.076572008275057,-0.112077888203209,0,0,0,0,0,0,0,0,0,0,0,0,0.00532477273733064,0,0,0,0,0,0,0,0,0,0,0,0,0,0,0,0,-0.122812688293946,0,0,0,0,0,0,0,0.032857715229052,0,0,0,0,0,0,0,0,0,0,0,0,0,0,0,0,0,0,0,0,0,0,0,0,0,0,0,0,0,0,0,0,0,0,0,0,0,0,0.042730655983484,0,0,0,0,0,0,0,0,0,0,0,0,0,0,0,0,0,0,0,0,0,0,0,0,0,0,0,0,0,0,-0.0682936436561382,0,0.0200288249993621,0.00556554290832771,0,0,0,-7.04398619618167e-05,0,0,0,0.141194871353538,0,0,0,0,0,0,0,0,-0.03161411742549,0,0,0.0864962187518604,0,0,0,0,-0.111441874694144,0,0,0,0,0,0,0,0,-0.0035673464669127,0,0,0.0706290147524548,0,0,0,0,0,0,0,0,0,0.00783734907097013,0,0,0,0,0,0,0,0,0,0,0,0,0,0,0,0,0,0,0,0,0,0,0,0,0,0,0,0,0,0,0,0,0,0,0,0,0,0,0,0,0,0,0,0,0,0,0,0,0,0,0,0,0,0,0,0,0,0,0,0,0,0,0,0,0,0,0,0,0,0,0,0,0,0,0,0,0,-0.11766330387968,0,0,0,-0.0104831367783147,0,0,0,-0.0760325897452324,0,0,0,0,0,0,0,0,-0.068876306909968,0,0,0,0,0,0,0,0,0,0,0,0,0,0,0,0,0,0,0.0506211849504243,0,0,0,0,0,0,0,0,0,0,0,0,0,0,0,0,0,0,0,0,0,0,0,0,0,0,0,0,0,0,0,0,0,0,0,0,0,0,0,0,0,0,0,0,0,0,0,0,0,0,0,-0.150767032369508,0,0.0506211849504243,0,0,0,0,0,0,0,0,0,0,0,0,0,0,0,0,0,-0.0821332574016804,0,0,0,0,0,0,0,-0.0406655713292054,0,0,0,0,0,0,0,-0.00624945952602867,0,0,0,0,0,0,0,0,0,0,0,0
"OTU_0000005",0,0,0,0,0,0,0,0,0,0,0,0,0,0,0,0,0,-0.0844125903215848,0,0,0,0,0,0,0,0,0,0,0,0,0,0,0,0,0,0,0,0,0,0,0,0,0,0,0,0,0,0.000521055780555879,0,0,0,0,0,0,0,0,0,0.076572008275057,0,0,0,0,0,0,0,0,0,0,0,0,0,-0.0844125903215848,0,0,0,0,0,0,0,0,0,0,0,0,0,0,0,0,0,0,0,0,0,0,0,0,0,0,0,0.0854934928595277,0,0.000521055780555879,0,0,0,0,0,0,0,0,0,0,0,0,0,0,0,0,0,-0.0180794449246375,0,0,0,0,0,0,0,0,0,0,0,0,0,0,0,0.0385875002247459,0,0,0,0,0,0,0,0,0,0,0,0,0,0,0,0,0,0,0,0.107701004516308,0,0,0,0,0,0,0,0,0,0,0,0,0,0,0,0,0,0,0,0,0,-0.0412776415120999,0,0,0,0,0,0,0,0,0,0,0,0,0,0,0,0,0,0,0,0,0,0,0,0,0,0,0,0,0,0,0,0,0,0,0,0,0,0,0,0,0,0,0,0,0,0,0,0,0,-0.121533922065963,0,0,0,0,0,0,0,0,0,0,0,0,0,0,0,0.00935771524509116,0,0,0,0,0,0,0,0,0,0,0,0,0,0,0,0,0,0,0,0,0,0,0,0,0,0,0,0,0,0,0,0,0,0,0,0,0,0,0,0,0,0,0,0,0,0,0,0,0,0,0,0,0,0,0,0,0,0,0,0,0,0,0,0,0,0,0,0,0,0,0,0,0,0,0,0,0,0,0,0,0,0,0,0,0,0,0,0,0,0,0,0,0,0,0,0,0,0,0,0,0,0,0,0,0,0,0,0,0,0,0,0,0,0,0,0,0,0,0,0,0,0,0,0,0,0,0,0,0,0,0,0,0,0,0,0,0,0,0,0,0,0,0,0,0,0,0,0,0,0,0,0,0,-0.0126695762997531,0,0,0,0,0,-0.0182126443740192,0,0,0,0,0,0,0,0,0,0,0,0,0,0,0,0,0,0,0,0,0,0,0,0,0,0,0,0
"OTU_0000018",0,0,0,-0.139331503385491,0,0,0,0,0,0,0,0,0,0,0,0,0,0,0,0,0,0,0,0,0,0,0,-0.00651520102876169,0,0,0,0,0,0,0,0,0,0,0,0,0,0,0,0,0,0,0,0,0,0,0,0,0,0,0,0,0,-0.112077888203209,0,0,0,0,0,0,0,0,0,0,0,0,0,0,0,0,0,0,0,0,0,0,0,0,0,0,0,0,0,0,0,0,0,0,0,0,0,0,0,0,0,0,0,0,0,0,0,0,0,0,0,0,0,0,0,0,0,-0.033008435943054,0,0,0,0,0,0,0,0,0,0,0,0,0,0,0,0,0,0,0,0,0,0,0,0,0,0,0,0,0,0,0,0,0,0,0,-0.0871337608703712,0,0,0,0,0,0,0,0,0,0,-0.0378183398722554,0,0,-0.0682936436561382,0,0,0,-0.0446302703495779,0,0,0.108251661807901,0,0,0,0,0,-0.00262954880314985,0,0,0,0,0,0,0,0,0.00529871763334667,0,0,0,0,0,0,0,0.0282555045857998,0,0,0,0,0,0,0,0,0,-0.14409386456902,-0.0459790194076284,0,0,0,0,0,0,0,0,0,0,0,0,0,0,0,0.0274878565245492,0,0,0,0,0,0,0,0.103756883743527,0,0,0,0,0,-0.0923337146557331,0,0,0,0,0,0,0,0,0,0,0,0,0,0,0,0,0,0,0,0,0,0,-0.0779052679595109,0,0,0,0,0,0,0,0,0,0,0,0,0,0,0,0,0,0,0,0,0,0,0,0,0,0,0,0,0,0,0,0,0,0,0,0.010242326108101,0,0,0,0,0,0,0,0,0,0,0,0,0,0,0,0,0,-0.0445243831625816,0,0,0,0,0,0,0,0,0,0,0,0,0,0,0,0,0,0,0,0,0,0,0,0,0,0,0,0,0,0,0,0,0,0,0,0,0,0,0,0,0,0,0,0,0,0,0,0,0,0,0,0,0,0,0,0,0,0,0,0,0,0,0,0,0,0,0,-0.150767032369508,0,0,0,-0.0156589882175552,0,0,0,0,0,0,0,0,0,0,0,0,0,0,0,0,0,0.0438672602533561,0,0,0,0,0,0,0,0.0178958297376062,0,0,0,0,0,0,0,0.0178941634162693,0,0,0,0,0,0,0,0,0,0,0,0
"OTU_0000199",0,0.230548868690558,0,0,0,0,0,0,0,0,0,0,0,0,0,0,0,0.0696772297887735,-0.0166341890929083,0,0,0,0,0,0,0,0.238263588115497,0,0,0,0,0,0,0,0,0,0,0,0,0,-0.0960687585126043,0,0,0,0,0,0,0,0,0,0,0,0,0,0,0.230548868690558,0,0,0,0,0,0,0,0,0,0,0,0,0,0,0,0.0696772297887735,-0.0166341890929083,0,0,0,0,0,0,0,0.238263588115497,0,0,0,0,0,0,0,-0.00637765564454309,0,0,0,0,0,-0.0960687585126043,0,0,0,0,0,0,0,0,0,0,0,0,0,0,0.209503183998247,0,0,0,0,0,0,0.0143384745730617,0,0,0,0,0,0,0,0,0,0,0,0,0,0,0,0,0,0.248112026983966,0,0,0,0,0,0,0,0,0,0,0,0,0,0,0,0,0,0,0,0,0,0,0,0,0,0,0,0,0.203049359887969,0,0,0,0,0,0,0.0140672654740674,0,-0.000482855747580948,0,0,0,0,0,0,0.155702402874979,0,0,0,0,0,0,0,0,0.243089369068213,0,0,0,0,0,0,0,0,0,0,0,0,0,-0.124228656881119,0,0,0,0,0,0,0,0,0,0,0,0,0,0,0,0,0,0,0.0274878565245492,0,0,0,0,0,0,0,0,0.0153963503778774,0,0,0.0539493193274767,0,0,0,0,0,0,0,0,0.21741666013117,0,0,0,0,0,0,0,0,0,0,0,0,0,0,0,0,0,0,0,0,0,0,0,0,0,0,0,0,0.0505115507354533,0,0,0,0,0,0,0,0,0,0,0,0,0,0,0,0.0539493193274767,0,0,0,0,0,0,0,0,0.245158484635084,0,0,0,0,0,0,0,0,0,0,0,0,0,0,0,0,0,0,0,0,0,0,0,0,0,0,0,0,0.0500842601903439,0,0,0,0,0,0,0,0,0,0,0,0,0,0,0,0.000955048899633893,0,0,0,0,0,0,0,0,0.155639472318832,0,0,0,0,0,0,0,0,0,0,0,0,0,0,0,0,0,0,0,0,0,0,0,0,0,0,0,0,0.0500842601903439,0,0,0,0,0,0,0,0,0,-0.021450191763683,0,0,0,0,0,0.000955048899633893,0,0,0,0,0,0,0,0,0.155639472318832,0,0,0,0,0,0,0,0,0,0,0,0,0,0,0,0,0,0,0,0,0,0,0,0,0,0,0
"OTU_0000133",0,0,0,0.0161364330631356,0,0,0,0,0,0,0,0,0,0,0,0,0,0,0,0,0,0,0,0,0,-0.0688072599377682,0,0,0,0,0,0,0,0,0,0,0,0,0,0,0,0,0,0,0,0,0,0,0,0,0,0,0,0,0,0,0,0,0,0,0,0,0,0,0,0,0,0,0,0,0,0,0,0,0,0,0,0,0,-0.0688072599377682,0,0,0,0,0,0,0,0,0,0,0,0,0,0,0,0,0,0,0,0,0,0,0,0,0,0,0,0,0,0,0,0,0,-0.033008435943054,0,0,0,0,0,0,0,0,0,0,0,0,0,0,0,0,-0.0652063822398956,0,0,0,0,0,0,0,0,0,0,0,0,0,0,0,0,0,0,0,0,0,0,0,0,0,0,0,0,0,0,0,0.112929962960953,0,0,0.0200288249993621,0,-0.0446302703495779,0,0,0,0,-0.143275273293964,0,0,0,0,0,0.108515551477325,0,0,0,0,0,0,0,0,-0.142628255252328,0,0,0,0,0,0,0,-0.0567318135563886,-0.0154908541008685,0,0,0,0,0,0,0,0,0,0,0,0,0,0,0,0,0,0,0,0,0,0.00386073734550578,0,0,0,0,0,0.117368369665042,0.0089574630261862,-0.0705599182178806,0,0,0,0,0,0.136810807273409,0,0,0,0,0,0,0,0,0,0,0,0,0,0,0,0,0,0,0,0,0,0,0,0,0,-0.0260417133756789,0,0,0,0,0,0,0,0,0,0,0,0,0,0,0,0,0,0,0,0,0,-0.0705599182178806,0,0,0,0,0,0.0822356794927353,0,0,0,0,0,0,0,0,0,0,0,0,0,0,0,0,0,-0.0317473540799107,0,0,0,0,0,0,0,0,0,0,0,0,0,0,0,0,0,0,0,0.072791009059069,0,0,0.0506211849504243,0,0,0,0,0,0,0,0,0,0,0,0,0.0679698759495479,0,0,0,0,0,0,0,0,0,0,0,0,0,0,0,0,0,0,0,0,0,0,0,0,0,0,0,0,0,0,0,0,0,0,0,0,0,0.110002974441921,0,0,0.0506211849504243,0,-0.0156589882175552,0,0,0,0,-0.0766406893222549,0,0,0,0,0,0.0679698759495479,0,0,0,0,0,0,0,0,0,0,0,0,0,0,0,0,-0.0617561230690507,0,0,0,0,0,0,0,0,-0.0640828577299118,0,0,0,0,0,0,0,0,0,0,0
"OTU_0000087",0,0,0,0,0,0,0,0,0,0,0,0,0,0,0,0,0,0,0,0,0,0,0,0,0,0,0,0,0,0,0,0,0,0,0,0,0,0,0,0,0,0,0,0,0,0,0,0,0,0,0,0,0,0,0,0,0,0,0,0,0,0,0,0,0,0,0,0,0,0,0,0,0,0,0,0,0,0,0,0,0,0,0,0,0,-0.116874338023823,0,0,0,0,0,0,0,0,0,0,0,0,0,0,0,0,0,0,0,0,0,0,0,0,0,0,0,0,0.0143384745730617,0,0,0,0,0,0,0,0,0,0,0,0,0,0,0,0,0,0,0,0,0,0,0,0,0,0,0,0,0,0,0,0,0,0,0,0,0,0,0,0,0,0,0,0,0,0,0,0,0,0,0.00556554290832771,0,0,0.0140672654740674,0,0,0,0,-0.0517680751463754,-0.0438455748045683,0,0,0,0,0,0,0,0,0,0,-0.077946020278494,0,0,0.0364861917733344,0,0,0,0,-0.0421900358115928,0,0,0,0,0,0,0,0,0,0,0,0,0,0,0,0,0,0,0,0,0,0,0,0.00371218592311025,0,0,0,0,0,0.117368369665042,0,0,0,0,0,0,0,0,0,0,0,0,0,0,0,0,0,0,0,0,0,0,0,0,0,0,0,0,0,0,0,0,0,0,0,0,0,0,0,0,0,0,0,0,0,0,0,0,0.0513682200087889,0,0,0,0,0,0,0,0,0,0,0,0,0,0,0,0,0,0,0,0,0,0,0,0,0,0,0,0,-0.00723163016158998,0,-0.0083136573259495,0,0,0,0,0,0.0733463260689038,0,0,0,0,0,0,-0.0320350935957589,0,0,0,0,-0.018784338105843,0,0,0,0,0,0,0,0,0,0,0,0,0,0,0,0,0,0,0,0,0,0,0,0,0,0,0,0,0,0,0,0,0,0,0,0,0,0,0,0,0,0,0,0,0,0,0,0,0,0,0,0,0,0,0,0,0,0,0,0,0,0,0,0,0,0,0,0,0,0,0,0,0,0,0,0,0,0,0,0,0,0,0,0,0,0,0,0,0,0,0,0,0,0,0,0,0,0,0,0,0,0,0,0,0,0,0,0,0,0
"OTU_0000036",0,0,0,0,0,0,0,0,0,0,0,0,0,0,0,0,0,0,0,0,0,0,0,0,0,0,0,0,0,0,0,0,0,0,0,0,0,0,0,0,0,0,0,0,0,0,0,0,0,0,0,0,0,0,0,0,0,0,0,0,0,0,0,0,0,0,0,0,0,0,0,0,0,0,0,0,0,0,0,0,0,0,0,0,0,0,0,0,0,0,0,0,0,0,0,0,0,0,0,0,0,0,0,0,0,0,0,0,0,0,0,0,0,0,0,0,0,0,0,0,0,0,-0.0184012017785332,0,0,0,0,0,0,0,0,0,0,0,0,0,0,0,0,0,0,0,0,0,0,0,0,0,0,0,0,0,0,0,0,0,0,0,0,0,0,0,0,0,0,0,0,0,0,0,0,0,0,0,0,0,0,0,0,0,0,0,0,0,0,0,0,0,0,0,0,0,0,0,0,0,0,0,0,0,0,0,0,0,0,0,0,0,0,0,0,0,0,0,0,0,0,0.0403363776515409,0,0,0,0,0,0.0089574630261862,0,0,0,0,0,0,0,0,0,0,0,0,0,0,0,0,0,0,0,0,0,0,0,0,0,0,0,0,0,0,0,0,0,0,0,0,0,0,0,0,0,0,0,0,0,0,0,0,0,0,0,0,0,0,0,0,0,0,0,0,0,0,0,0,0,0,0,0,0,0,0,0,0,0,0,0,0,0,0,0,0,0,0,0,0,0,0,0,0,0,0,0,0,0,0,0,0,0,0,0,0,0,0,0,0,0,0,0,0,0,0,0,0,0,0,0,0,0,0,0,0,0,0.0551109882839124,0,0,0,0,0,0,0,0,0,0,0,0,0,0,0,0,0,0,0,0,0,0,0,0,0,0,0,0,0,0,0,0,0,0,0,0,0,0,0,0,0,0,0,0,0,0,0,0,0,0,0,0,0,0,0,0,0,0,0,0,0,0,0,0,0,0,0,0,0,0,0,0,0,0,0,0,0,0,0,0,0,0,0,0,0
"OTU_0000043",0,0,0,0,0,0,0,0,0,0,0,0,0,0,0,0,0,0,0,0,0,0,0,0,0,0.187999515986335,0,0,0,0,0,0,0,0.00522447591039727,0.220848860667199,0,0,0,0,0,0,0,0.0977990584125322,0,0,-0.001059127947244,0,0,0,0,0,0,0,0,0,0,0,0,0,0,0,0,0,0,0,0.0252501846007658,0,0,0,0,0,0,0,0,0,0,0,0,0,0.187999515986335,0,0,0,0,0,0,0,0.00908883532893271,0.220848860667199,0,0,0,0,0,0,0,0.0977990584125322,0,0,0,0,0,0,0,0,0,0,0,0,0,-0.0100425850775566,0,0,0,0,0,0,0,0,0,0,0,0.0936661437509303,0,0,0,0,0,0,0,0,0,0,0.0935436596430034,0,0,0,0,0,0,0,0,0,0,0,0,0,0,0,0,0.133639939780924,0,0,-0.120501321292071,0,0,0,0,0,0,0,0,-0.144266775610435,0,0,0,0,0.108251661807901,-0.000482855747580948,-0.143275273293964,0,0,0,0,0,0,0,0,0,0,0,0,0,0,0,0,0,0.0932915838976686,0,0,0,0,0,0,0,0.000118203198042881,0.0530070054981637,0,0,0,0,0,0,0,0.092277616681936,0,0,0,0,0,0.00755067055424921,0,0,0,0,0,0,0,0,0,0,0,0,-0.0705599182178806,0,0,0,0,0,0,0,0,0,0,0,0,0,0,0,0,0,0.0978294168822641,0,0,0,0,0,0,0,0,0.169534618141085,0,0,0,0,0,0,0,0.220867127993925,0,0,0,0,0,0,0,0,0,0,0,0,0,0,0,0,0,0,-0.0705599182178806,0,0,0,0,0,0,0,0,0,0,0,0,0,0,0,0,0,0.0978055811139701,0,0,0,0,0,0,0,0,0.148087956487855,0,0,0,0,0,0,0,0.220867127993925,0,0,0,0,0,0,0,0,0,0,0,-0.0625176509972898,0,0,0,0,0,0,0,0,0,0,0,0,0,0.0362935444704473,0,0,0,0,0,0,0,0,0,0,0,0,0,0,0,0,0,0,0,0.0775192857561647,0,0,0,0,0,0,0,0.235604539123374,0,0,0,0,0,0,0,0,0,0,0,-0.0625176509972898,0,0,0,0,0,0,-0.0766406893222549,0,0,0,0,0,-0.0403774551778352,0.0362935444704473,0,0,0,0,0,0,0,0,0,0,0.00299036208735988,0,0,0,0,0,0,0,0.0946216609381672,0.0775192857561647,0,0,0,0,0,0,0.0049670248080653,0.235604539123374,0,0,0,0,0,0,0,0,0,0,0
"OTU_0000044",0,0,0,0,0,0,0,0,0,0,0,0,0.0993249842255211,0,0,0,0,0,0,0.0456824749181391,0,0,0,0,0,0,0,0,0,0,0,0,0,0,0,0,0,0,0.0626666930006495,0,0,0,0,0,0,0,0,0,0,0,0,0,0,0,0,0,0,0,0,0,0,0,0,0,0.0252501846007658,0,0.0993249842255211,0,0,0,0,0,0,0,0,0,0,0,0,0.0268973318497971,0,0,0,0,0,0,0,0,0,0,0,0,0,0,0.0648645843822245,0,0,0,0,0,0,0,0,0,0,0,0,0,0,0,0,0,-0.0180794449246375,0,0,0,0,0,0,0,0,0,0,0,0,0,0,0.00639193482905167,0,0,0,0,0,0,0,0,0,0,0,0,0,0,0,0,0,0,0,0,0,0,0,0,0,0,0,-0.0468225611435297,0,0,0,0,0,0,0,0,0,0,0,0,0,0,-0.0517680751463754,0,0,0,0,0,0,0,0,0,0,0.0220718085353588,0,0,0,0.0968103460922045,0,0,0,0,0,0,0,0.0647468118752861,0.0598275049295799,0,0,0,0,0,0,0,0,0,0.108847085578912,0,0,-0.00853948524393677,0,0,0,0,0,0,0,0,0,0,0,0,-0.121533922065963,0,0,0,0,0,0,0,0,0,0,0,0,0,0,0,0,0,0,0,0,0,0,-0.0381734760081353,0,0,0,0,0,0,0,0,0,0,0,0,0,0,0,0,0,0,0,0,0,0,0,0,0,0,0,0,0,0,0,0,0,0,0,0,0,0,0,0,0,0,0,0,0,0,0,0,0,0,0,0,0,0,0,0,0,0,0,0,0,0,0,0,0,0,0,0,0,0,0,0,0,0,0,0,0,0,0,0,0,0,0,0,0,0,0,0,0,0,0,0,0,0,0,0,0,0,0,0.0884672101590165,0,0,0,0,0,0,0,-0.135619617872284,0,0,0,0,0,0,0,0,0,0,0,0,0,0,0,0,0,0,0,-0.0770464710742357,0,0,0,0,0,0,0,0,0,0,0,0,-0.021450191763683,0,0,0,0,0,0,0,0,0,0,0,0,0.0884672101590165,0,0,0,0,0,0,0,-0.135619617872284,0,0,0,0,0,0,0,0,0,0,0,0,0,0,0,0,0,0,0,0,0,0,0,0,0,0
"OTU_0000076",0,-0.017159810594553,0,0,0,0,0,0,0,0,0,0.0993249842255211,0,0,0,0,0,0,0,0,0,0,0,0.0221994880080517,0,0,0,0,0,0,0,0,0,0,0,0,0,0,0.157226241989287,0,0.00382445505178221,0,0,0,0,0,0,0,0,0,0,0,0,0,0,0,0,0,0,0,0,0,0,0,0,0.0993249842255211,0,0,0,0,0,0,0,0,0,0,0,0,0.0201946772745624,0,0,0,0,0,0,0,0,0,0,0,0,0,0,0,0,0,0,0,0,0,0,0,0,0,0,0,0,0,0,0,0,0,0,0,0,0,0,0,0,0,0,0,0,0,0,0,0,0,0,0,0,0,0,0,-0.090567434754396,0,0,0,0,0,0,0,0,0,0,0,0,0,0,0,0,0,0,0,0,0,0,0,0,0,0,0,0,0,0,-7.04398619618167e-05,0,0,0,0,-0.0438455748045683,0,0,0,0,0,0,0,0,0,0,0.0876387433396575,0,0,0,0,0,0,0,0,0,0,0,0.0967866811136843,0,0,0,0,0,0,0,0,0,0,0,0,0,0,0,0,0,0,0,0,0,0,0,0,0,0,0,0,0,0,0,0,0,0,0,0,0,0,0,0,0,0,0,0,0,0,0,0,0,0,0,0,0,0,0,0,0,0,0,0,0,0,0,0,0,0,0,0,0,0,0,0,0,0,0,0,0,0,0,0,0,0,0,0,0,0,0,0,0,0,0,0,0,0,0,0,0,0,0,0,0,0,0,0,0,0,0,0,0,0,0,0,0,0,0,0,0,0,0,0,0,0,0,0,0,0,0,0,0,0,0,0,0,0,0,0,0,0,0,0,0,0,0,0,0,0,0,0,0,0,0,0,0,0,0,0,0,0,0,0,0,0,0,0,0,0,0,0,0.0148206450061923,0,0,0,0,0,0,0,0,0,0,0,0,0,0,0,0,0,0,0,0,0,0,0,0,0,0,0,0,0,0,0,0,0,0,0,0,0,0,0,0,0,0,0,0,0,0,0,0,0,0,0,0,0,0.0148206450061923,0,0,0,0,0,0,0,0,0,0,0,0,0,0,0
"OTU_0000141",0,0,0,0,0,0,0,0,0,0,0,0,0,0,0,0,0,0,0,0,0,0,0,0,0,0,0,0,0,0,0,0,0,0,0,0,0,0,0,0,0,0,0,0,0,0,0,0,0,0,0,0,0,0,0,0,0,0,0,0,0,0,0,0,0,0,0,0,0,0,0,0,0,0,0,0,0,0,0,0,0,0,0,0,0,0,0,0,0,0,0,0,0,0,0,0,0,0,0,0,0,0,0,0,0,0,0,0,0,0,0,0,0,0,0,0,0,0,0,0,0,0,0,0,0,0,0,0,0,0,0,0,0,0,0,0,0,0,0,0,0,0,0,0,0,0,0,0,0,0,0,0,0,0,0,0,0,0,0,0,0,0,0,0,0,0,0,0,0,0,0,0,0,0,0,0,0,0,0.00889702723660102,0,0,0,0,0,0,0,0,0,0,0,0,0,0,0,0,0,0,0,0,0,0,0,0,0,0,0,0,0,0,0,-0.0744914560476291,0,0,0,0,0,0,0,0,0,0,0,0,0,0,0,0,0,0,0,0,0,0,0,0,0,0,0,0,0,0,0,0,0,0,0,0,0,0,0,0,0,0,0,0,0,0,0,0,0,0,0,0,0,0,0,0,0,0,0,0,0,0,0,0,0,0,0,0,0,0,0,0,0,0,0,0,0,0,0,0,0,0,0,0,0,0,0,0,0,0,0,0,0,0,0,0,0,0,0,0,0,0,0,0,0,0,0,0,0,-0.0456331313038794,0,0,0,0,0,0,0,0,0,0,0,0,0,0,0,0,0,0,0,0,0,0,0,0,0,0,0,0,0,0,0,0,0,0,0,0,0,0,0,0,0,0,0,0,-0.0429092267594433,0,0,0,0.0229051139787181,0,0,0,0,0,0,0,0,0.0144466784880229,0,0,0,0,0,0,0,0,0,-0.0403774551778352,0,0,0,0,0,0,0,0,0,0,0,0,0,0,0,0,0,0.0269602223562529,0,0,0,0,-0.0261706360168564,-0.0810642373674988,0,0,0,0,0,0,-0.0473744175082484,-0.0940493521755133,0,0,0.0229051139787181,0,0,0,0,0,0,0,0
"OTU_0000083",0,0,0,0,0,0,0,0,0,0,0,0,0,0,0,0,0,0,0,0,0,0,0,0,0,0.0562778559101825,0,0,0,0,0,0,0,0,0,0,0,0.0132191943131591,0,0,0,0,0.028247594954756,0,0,0,0,0,0,0,0,0,0,0,0,0,0,0,0,0,0,0,0,0,0,0,0,0,0,0,0,0,0,0,0,0,0,0,0,0.00176832397020927,0,0,0,0,0,0,0,0,0,0,0,0.0241943409712485,0,0,0,0,0,0,0,0,0,0,0,0,0,0,0,0,0,0,0,0,0,0,0,0,0,-0.0184012017785332,0.0936661437509303,0,0,0,0,0,0,0,0,0,0,0,0,0,0,0.0510776970997235,0,0,0,0,0,0,0,0,0,0,0.0336146043943824,0,0,0,0,0,0.031597072970261,0,0,0,0,0,0,0,0,0,0,0,0,0,0,0,0,0,0,0,0,0,0,0,0,0,0,0,0,0,0,0,0,0,0,0,0,0.0509400560386881,0,0,0,0,0,0,0,0.049448662429573,0,0,0,0.142723825461638,0,0,0,0,0.031597072970261,0,0,0,0,0,0,0,0,0,0,0,0,0,0,0,0,0.103756883743527,0.0153963503778774,0,0,0,0,0,0,0,0,0,0,0,0,0,0,0,0,0,0,0,0,0,0,0,0,0,0,0,0,0,0,0,0,0,0,0,0,0,0,0,0,0,0,0,0,0,0,0,0,0,0,0,0,0,0,0,0,0,0,0,0,0,0,0,0,0,0,0,0,0,0,0,0,0,0,0,0,0,0,0,0,0,0,0,0,0,0,0,0,0,0,0,0,0,0,0,0,0,0,0,0,0,0,0,0,0,0,0,0,0,0,0,0.0362935444704473,0,0,0,0,0,0,0,0,0,0,0,0,0,0,0,0,0,0,0,0,0,0,0,0,0,0,0,0,0,0,0,0,0,0,0,0,0,0,0,0,0,0,0,0,0,0,0,0,0,0,0,0,0,0.0362935444704473,0,0,0,0,0,0,0,0,0,0,0,0,0,0,0,0,0,0,0,0,0,0,0,0,0,0,0,0,0,0,0,0,0,0,0,0,0,0,0,0,0,0,0
"OTU_0000008",0,0,0,0,0,0,0,0,0,0,0,0,0,0,0,0,0,0,0,0,0,0.224456805400459,0,0,0.0421398189925978,0,0,0,0,0.114898309020602,0.00739465037214367,0,0,0,0,0,0.0870469649083815,0,0,0,0,0,0,0,0,0,0,0,0,0,0,0.16555858108634,0,0,0,0,0,0,0,0,0,0,0,0,0,0,0,0,0,0,0,0,0,0,0,0.224456805400459,0,0,0.0338037049281363,0,0,0,0,0,0.0988707159991601,0,0,0,0,0,0.0870469649083815,0,0.0488446584217872,0,0,0,0,0,0,0,0,0,0,0,0,0.16555858108634,0,0,0,0,0,0,0,0,0,0,0,0,0,0,0,0,0,0,0,0,0,0,0,0,0,0,0,0,0,0,0,0,0.128319445654064,0,0.124492206881412,0,0,0,0,0,0.188105982781322,0,0,0,0,0,0,0,0,0,0,0,0,0.194952886657099,0,0,0,0,0,0,-0.0412776415120999,0,0,0,0,0,0,0,0,0,0,0,0,0,0,0,0,0,0,0,0.148277369570731,0,0,0,0,0,0.128319445654064,0,0,0,0,0,0,0,0,0,0,0,0,0,0,0,0,0,0,0,0,0.210297848844843,0,0,0,0,0,0,0,0,0,0,0,0,0,0,0,0,0,0,0,0,0,0,0,0,0,0,0,0,0,0,0,0,0.0514607165452987,0,0,0,0,0,0,0,0.0591090049423893,0,0,0,0,0,0,0,0,0,0,0,0,0.144931286394312,0,0,0,0,0,0,0,0,0,0,0,0,0,0,0,0,0,0,0,0,0,0,0,0,0,0,0,0,0,0,0,0,0,0,0,0,0,0,0,0,0,0,0,0,0,0,0,0,0,0,0,0,0,0.144931286394312,0,0,0,0,0,0,0,0,0,0,0,0,0,0,0,0,0,0,0,0,0,0,0,0,0,0,0,0,0,0,0,0,0.00437514396369452,0,0,0,0,0,0,0,0.0964813498538625,0,0,0,0,0,0,0,0,0,0,0.065242009165313,0,0.108651334466813,0,0,0,0,0,0,0,0,0,0,0,0,0,0,0,0,0,0,0,0,0,0,0,0,0,0,0,0,0,0,0,0,0.00437514396369452,0,0,0,0,0,0,0,0,0,0,0,0,0,0,0,0,0,0,0.065242009165313,0,0.108651334466813,0,0
"OTU_0000015",0,0,0,0,0,0,0,0,0,0,0,0,0,0,0,0,0,0,0,0,0,0.0757186713504158,0,0,0.0859844479806322,0,0,0,0,0,0,0,0,0,0,0,0,0,0,0,0,0,0,0,0,0,0,0,0,0,0,0.0115775605875267,0,0,0,0,0,0,0,0,0,0,0,0,0,0,0,0,0,0,0,0,0,0,0,0.0757186713504158,0,0,0.0859844479806322,0,0,0,0,0,0,0,0,0,0,0,0,0,0,0,0,0,0,0,0,0,0.0250991564714464,0,0,0,0,0,0,0,0,0,0,0,0,0,0,0,0,0,0,0,0,0,0,0,0,0,0,0,0,0.0136963440707409,0,0,0,-0.00930399367026063,0,0,0,0,0,0,0,0,0,0,0,0,0,0,0,0,0,0,0,0,0,0,0,0,0,0,0,0,0,0,0,0.141194871353538,0,-0.00262954880314985,0,0.108515551477325,0,0,0,0,0,0.00889702723660102,0,0,0,0,0,0,0,0.00950200148375947,0,0,0,-0.00927892183591106,0,0,0,0,0,0,0,0,0,0,0,0,0,0,0,0,0,0,0,0,0,0,0,0,0,0,0,0,0,0,0,0,0,0,0,0.136810807273409,0,0,0,0,0,0,0,0,0,0,0,0,0,0,0,0,0,0,0,0,0,0,0,0,0,0,0,0,0,0,0,0,0,0,0,0,0,0,0,0,0,0,0,0,0,0,0,0,0,0,0,0,0,0.0822356794927353,0,0,0,0,0,0,0,0,0,0,0,0,0,0,0,0,0,0,0,0,0,0,0,0,0,0,0,0,0,0,0,0,0,0,0,0,0,0,0,0,0,0,0,0,0,0,0,0,0,0,0,0,0,0.0679698759495479,0,0,0,0,0,0,0,0,0,0,0,0,0,0,0,0,0,0,0,0,0,0,0,0,0,0,0,0,0,0,0,0,0,0,0,0,0,0,0,0,0,0,0,0,0,0,0,0,0,0,0,0,0,0.0679698759495479,0,0,0,0,0,0,0,0,0,0,0,0,0,0,0,0,0,0,0,0,0,0,0,0,0,0,0,0,0,0,0,0,0,0,0,0,0,0,0,0,0,0,0,0,0,0
"OTU_0000046",0,0,0,0,-0.0844125903215848,0,0.0696772297887735,0,0,0,0,0,0,0,0,0,0,0,0,0,0,0,0.17451136562147,0,0,0,0.220909216428852,0,0,0,0,0,0,0,0,0,0,0,0,0,-0.0262875030248535,0,0,0,0,0,0,0,0,0,0,0,0,0,0,0,0,0,-0.0844125903215848,0,0.0696772297887735,0,0,0,0,0,0,0,0,0,0,0,-0.0590222863877152,0,0,0,0.17451136562147,0,0,0,0.220909216428852,0,0,0,0,0,0,0,0,0,0,0,0,0,0,0,0,0,0,0,0,0,0,0,0,0,0,0,0,0,0,0,0,0,0,0,0,0,0,0,0,0,0,0,0,0,-0.0411377950879745,0,0,0,0,0,0,0,0.18285642316803,0,0,0,0,0,0,0,0,0,0,0,0,0,0,0,0,0,0,0,0,0,0,0,0,0,0,0,0,0,0,0,0,0,0.155702402874979,0,0,0,0,0,0,0,0,0,0,0,0,0,0,0,0,0,0,0,0.182608772465025,0,0,0,0,0,0,0,-0.00142585629975352,0,0,0,0,0,0,0,0,0,0,0,0,0,0,0,0,0,0,0,0,0,0,0,0,0,0.0539493193274767,0,0,0,0,0,0,0,0,0,0,0,0,0,0,0,0.113315196318632,0,0,0,0,0,0,0,0,0,0,0,0,0.0207635156511383,0,0,0,0,0,0,0,0,0,0,0,0,0,0,0,0,0,0,0,0,0,0,0,0,0.0539493193274767,0,0,0,0,0,0,0,0,0,0,0,0,0,0,0,0.105965810225251,0,0,0,0.136225919244779,0,0,0,0,0,0,0,0,0.0207635156511383,0,0,0,0,0,0,0,0,0,0,0,0,0,0,0,0,0,0,0,0,0,0,0,0,0.000955048899633893,0,0,0,0,0,0,0,0,0,0,0,0,0,0,0,0.0879880993112193,0,0,0,0.145274355883766,0,0,0,0,0,0,0,0,0,0,0,0,0,0,0,0,0,0,0,0,0,0,0,0,0,0,0,0,0,0,0,0,0,0.000955048899633893,0,0,0,0,0,0,0,0,0,0,0,0,0,0,0,0.0810651570696505,0,0,0,0.145274355883766,0,0,0,0,0,0,0,0,0,0,0,0,0,0,0,0,0,0,0,0,0,0,0,0,0,0,0
"OTU_0000038",0,0,0,0.0443976192888683,0,0,-0.0166341890929083,0,0,0,0,0,0,0,0,0,0,0,0,0,0,0,-0.0614274042557683,0,0,0,-0.0475560307696857,0,0,0,0,0,0.168649053340389,0,0,0,0,0,0,0,0.0665192370310455,0,0,0,0,0,0,0,0,0,0,0,0,0,0,0,0,0.00532477273733064,0,0,-0.0166341890929083,0,0,0,0,0,0,0,0,0,0,-0.0590222863877152,0,0,0,0,-0.0995006439749579,0.0417828429968561,0,0,-0.0535053507917947,0,0,0,0,0,0,0,0,0,0,0,0,0,0.0665192370310455,0,0,0,0,0,0,0,0.0536227205499892,0,0.0330566042133388,0,0,0,0,0,0,0,0,0,0,0,0,0,0,0,0,0,0,0,0,-0.0411377950879745,0,0,0,0,0,0.0205440342761285,0,0,-0.00169515298882401,0,0,0,0,0,0,0,0,0,0,0,0,0,0,0,0,0,0,0,0,0,0,0,0,0,0,0,0,0,0,0,0,0,0,0,0,0,0,0,0,0,0,0,0,0,0,0,0,0,0,0.0650295333686412,0,0,-0.00169285716665868,0,0,0,0,0,0,0,0,0,0,0,0,0,0,0,0,0,0,0,0,0,0,0,0,0,0,0,0,0,0,0,0,0,0,0,0,0,0,0,0,0,0,0,0,0,0,0,0,0,0,0,0,0,0,0,0,0,0,0,0,0,0,0,0,0,0,0,0,0,0,0,0,0,0,0,0,0,0,0,0,0,0,0,0,0,0,0,0,0,0,0,0,0,0,0,0,0,0,0,0,0,0,0,0,0,0,0,0,0,0,0,0,0,0,0,0,0,0,0,0,0,0,0,0,0,0,0,0,0,0,0,0,0,0,0,0,0,0,0,0,0,0,0,0,0,0,0,0,0,0,0,0,0,0,0,0,0,0,0,0,0,-0.0205716701187973,0,0,0,0,0,0,0,0,0,0,0,0,0,0,0,0,0,0,0,0,0,0,0,0.0199672659616906,0,0,0,0,0,0,0,0,0,0,0,0,0,0,0,0,0,0,0,0,0,0,0,0,0,0,0,0,0,0,0,0,0,0,0,0,0,0,0,0,0,0,0,0,0,0,0,0,0,0,0,0,0,0.0199672659616906,0,0,0
"OTU_0000061",0,0,0,0,0,0,0,0,0,0,0,0.0456824749181391,0,0,0,0,0,0,0,0,0,0,0,0,0,0,0,0,0,0,0,0,0,0,0,0,0,0,0,0,0,0,0,0,0,0,0,0,0,0,0,0,0,0,0,0,0,0,0,0,0,0,0,0,0,0,0,0,0,0,0,0,0,0,0,0,0,0,0,0,0,0,0,0,0,0,0,0,0,0,0,0,0,0,0,0,0,0,0,0,0,0,0,0,0,0,0,0,0,0,0,0,0,0,0,0,0,0,0,0.00639193482905167,0,0,0,0,0,0,0,0,0,0,0,0,0,0,0,0,0,0,0,0,0,0,0,0,0,0,0,0,0,0,0,0,0,0,0.0167755664720057,0,0,0,0,0,0,0,0,0,0,0,0,0,0,0,0,0,0,0.0220718085353588,0.0876387433396575,0,0,0,0,0,0,0,0,0,0,0,0,0,0,-0.0714015125639829,0,0,0,0.0446355772614292,0,0,0,0,0,0,0,0,0,0,0,0,0,0,0,0,0,0,0,0,0,0,0,0,0,0,0,0,0,0,0,0,0,0,0,0,0,0,0,0,0,0,0,0,0.0089889485182616,0,0,0,0,0,0,0,0,0,0,0,0,0,0,0,0,0,0,0,0,0,0,0,0,0,0,0,0,0,0,0,0,0,0,0,0,0,0,0,0,0,0,0,0,0,0,0,0,0,0,0,0,0,0,0,0,0,0,-0.00149936160635689,0,0,0,0,0,0,0,0,0,0,0,0,0,0,0,0,0,0,0,0,0,0,0,0,0,0,0,0,0,0,0,0,0,0,0,0,0,0.0884672101590165,0,0,0,0,0,0,0,0,0,0,0,0,0,0.0519106110952349,0,0,0,0.00678244045940464,0,0,0,0,0,0,0,0,0.00697027372839796,0,0,0,0,0,0,-0.0362697805105555,0.065381453791906,-0.00126621902568782,0,0,0,0,0,0,0,0,0,0,-0.0126695762997531,0,0,0,0,0,0,0.0884672101590165,0,0,0,0,0,0,0,0,0,0,0,0,0,0.0519106110952349,0,0,0,0,0,0,0,0,0,0,0,0,0.00697027372839796,0,0,0,0,0,0,-0.0362697805105555,0,0,0,0,0,0,0,0
"OTU_0000006",0,0,0,0,0,0,0,0,0,0,0,0,0,0,0,0,0,0,0,0,0,0,0,0,0,0,0,0,0,0,0,0,0,0,0,0,0,0,0,0,0,0,0,0,0,0,0,0,0.167112746587063,0,0.18264967604521,0,0,0,0,0,0,0,0,0,0,0,0,0,0,0,0,0,0,0,0,0,0,0,0,0,-0.0893859194769045,0,0,0,0,0,0,0,0,0,0,0,0,0,0,0,0,0,0,0,0,0,0,0,0,0,0.167112746587063,0,0.195379706706929,0,0,0,0,0,0,0,0,0,0,0,0,0,0,0,0,0,0,0,0,0,0,0,0,0,0,0,0,0,0,0,0,0,0,0,0,0,0,0,0,0,0,0,0,0,0,0,0,0,0,0,0.180187838882194,0,0.238021177349553,0,0,0,0,0,0,0,0,0,0,0,0,0,0,0,0,0,0,0,0,0,0,0,0,0,-0.00188010543124162,0,0,0,0,0.157271904862267,0,0,0,0,0,0,0,0,0,0,0,0,0,0,0,0,0,0,0,0.0867026299020814,0.126099264781394,0,0.238021177349553,0,0,0,0,0,0,0,0,-0.0923337146557331,0,0,0,0,0,0,0,0,0,0,0,0,0,0,0,0,0,0,0,0,0,0,0,0,0,0,0,0,0,0,0,0,0,0,0,0,0,0.103977296313281,0,0,-0.028547094807633,0,0.185037409507205,0,0.111634382701924,0,0,0,0,0,0,0,0,0,0,0,0,0,0,0,0,0,0,0,0,0,0,0,0,0,0,0,0,0,0,0,0,0,0,0,0,0,0,0,0,0,0,0,0,0,0,0,0,0,0,0,0.143233168643339,0,0.111634382701924,0,0,0,0,0,0,0,0,0,0,0,0,0,0,0,0,0,0,0,0,0,0,0,0,0,0,0,0,0,0,0,0,0,0,0,0,0,0,0,0,0,0,0,0,0,0,0,0,0,0,0,0.171506604051487,0,0.192028822824387,0,0,0,0,0,0,0,0,0,0,0,0,0,0,0,0,0,0,0,0,0,0,0,0,0,0,0,0,0,0,0,0,0,0,0,0,0,0,0,0,0,0,0,0,0,0,0,0,0,0,0,0.171506604051487,0,0.192028822824387,0,0,0
"OTU_0000023",0,0,0,0,0,0,0,0,0,0,0,0,0,0,0,0.224456805400459,0.0757186713504158,0,0,0,0,0,0,0,0.0551983065595595,0,0,0,0,0,0.11908106845539,0,0,0,0,0,0,0,0,0,0,0,0,0,0,0,0,0,0,0,0,0.0904972508933979,0,0,0,0,0,0,0,0,0,0,0,0,0,0,0,0,0,0.224456805400459,0.0757186713504158,0,0,0,0,0,0,0,0.0551983065595595,0,0,0,0,0,0.11908106845539,0.141856716859531,0,0,0,0,0.00235652757864177,0,0.129426414063587,0,0,0,0,0,0,0,0,0,0,0,0,0.0904972508933979,0,0,0,0,0,0,0,0,0,0,0,0,0,0,0,0,0,0,0.0136963440707409,0,0,0,0,0,0,0,0,0,0,0,0,0,0,0,0,0,0,0,0,0,0,0,0,0,0,0,0,0,0,0,0,0,0,0,0,0,0,0,0,0,0,0,0,0,0,0,0,0,0,0,0,0,0.00950200148375947,0,0,0,0,0,0,0,0,0,0,0,0,0,0,0,0,0,0,0,0,0,0,0,0,0,0,0,0,0,0,0,0,0,0,0,0,0,0,0,0,0,0,0,0,0,0,0,0,0,0,0,0,0,0,0,0,0,0,0,0,0,0.0884770435801499,0,0,0,0,0,0,0,0,0,0,0,0,0,0,0,0,0,0,0,0,0,0,0,0,0,0,0,0,0,0,0,0,0,0,0,0,0,0,0,0,0,0,0,0,0,0,0,0,0,0,0,0,0,0.120939897848527,0,0,0,0,0,0.0939846525233294,0,0,0,0,0,0,0,0,0,0,0,0,0,0,0,0.0361213946490946,0,0,0,0,0,0,0,0,0,0,0,0,0,0,0,0,0,0,0,0,0,0,0,0,0,0,0,0,0,0,0,0,0,0,0,0,0,0,0,0,0,0,0,0,0,0,0,0,0,0,0,0,0,0,0,0,0,0,0,0,0,0,0,0,0,0,0,0,0,0,0,0,0,0,0,0,0,0,0,0,0,0,0,0,0,0,0,0,0,0,0,0,0,0,0,0,0,0,0,0,0,0,0,0,0,0,0,0,0,0,0,0,0,0,0
"OTU_0000060",0,0,0,0,0,0,0,0,0,0,0,0,0,0,0,0,0,0.17451136562147,-0.0614274042557683,0,0,0,0,0,0,0,0,0,0,0,0,0,0,0,0,0,0,0,0,0,0,0.0782427665035612,0,0,0,0,0,-0.0558205087121786,0,0,0,0,0,0,0,0,0,0,0,0,0,0,0,0,0,0,0,0,0,0,0,0.17451136562147,-0.0995006439749579,0,-0.0893859194769045,0,0,0,0,0,0,0,0,0,0,0,0,0,0,0,0,0,0,0,0,0,0,0,0,0,0,-0.0558205087121786,0,0,-0.0607011012497936,0,0,0,0,0,0,0,0,0,0,-0.0652063822398956,0,0,0,0,0,0,0,0,0,0,0,0,0,0,0,0,0,0,0,0,0,0,0,0,0,0,0,0,0,0,0,0,0,0,0,0,0,0,0,0,0,0,0,0,0,0,0,0,0,0,0,0,0,0,0,0,0,0,0,0,0,0,0,0,0,0,-0.00188010543124162,0,0,0,0,0,0,0,0,0,0,0,0,0,0,0.00153660630930682,0,0,0,0,0,0.163911808592209,0,-0.0286700199657107,0,0,0,0,0,0,0,0,0,0,0,0,0,0,0,0,0,0,0,0,0,0,0,0,0,0,0,0.113315196318632,0,0.0089889485182616,0,0,0,0,0,0,0,0,0,0,0,0,0,0,0,0,0,0,0,0,0,0,0,-0.0376189372335604,0,0,0,0,-0.0167888275438153,0,0,0,0,0,0,0,0,0,0,0,0,0,0,0,0,0,0,0,0,0,0,0.105965810225251,0,0,0,0,0,0,0,0,0,0,0,0,0,0,0,0,0,0.0940208924732311,0,0,0,0,0,0.0741309993867928,0,-0.0376189372335604,0,0,0,0,0,0,0,0,0,0,0,0,0,0,0,0,0,0,0,0.0551109882839124,0,0,0,0,0,0,0,0.0879880993112193,0,0,0,0,0,0,0,0,0.0531087472766827,0,0,0,0,0,0,0,0,0,0,0,0,0,0,0,0,0,0,0,0,0,0,0,0,0,0,0,0,0,0,0,0,0,0,0,0,0,0,0,0,0,0,0,0,0.0810651570696505,0,0,0,0,0,0,0,0,0,0,0,0,0,0,0,0,0,0,0,0,0,0,0,0,0,0,0,0,0,0,0,0,0,0,0,0
"OTU_0000020",0,0,0,0,0,0,0,0,0,0,0,0,0.0221994880080517,0,0,0,0,0,0,0,0,0,0,0,0,0,0,0,0,0,0,0,0,0,0,0,0,0,0,0,0.102775733174981,0,0,0,0,0,0,0,0,0,0,0,0,0,0,0,0,0,0,0,0,0,0,0,0,0,0,0,0,0,0,0,0.0417828429968561,0,0,0,0,0,0.0500543314054452,0,-0.0357382908536352,0,0,0,0,0.00151789146888882,0,0,0,0,0,0,0,0,0.149802633918029,0,0,0,0,0,0,0,0,0,0,0,0,0,0,0,0,0,0,0,0,0,0,0,0,0,0,0,0,0,0,0,0.0205440342761285,0,0,0,0,0,0,0,-0.0392259636977553,0,0,0,0,0,0,0,0,0,0,0,0,0,0,0,0,0,0,0,0,0,0,0,0,0,0,0,0,0,0,0,0,0,0,0,-0.077946020278494,0,0,0.0968103460922045,0,0,0,0,0,0,0.0650295333686412,0,0,0,0,0,0,0,-0.0391728382055386,0,0,0,0,0.0840414212067983,0.00342861490876584,0,0,0,0,0,0,0,0.0413999799602091,0,0,0,0,0,0,0,0,0,0,0,0,0,0,0,0,0,0,0,0,0,0,0,0,0,0,0,0,0,0,0,0,0,0,0,0,0,0,0,0,0,0,0,0,0,0,0,0,0,0,0,0,0,0,0,0,0,0,0,0,0,0,0,0,0,0,0,0,0,0,0,0,0,0,0,0,0,0,0,0,0,0,0,0,0,0,0,0,0,0,0,0,0,-0.0117986346863574,0,0,0,0,0,0,0,0,0,0,0,0,0,0,0,0,0,0,0,0,0,0,0,0,0,0,0,0,0,0,0,0,0,0,0,0,0,0,0,0,0,0,0,0,0,0,0,0,0,0,0,0,0,0,0,0,0,0,0,0,0,0,0,0,0,0,0,0,0,0,0,0,0,0,0,0,0,0,0,0,0,0,0,0,0,0,0,0,0,0,0,0,0,0,0,0,0,0,0,0,0,0,0,0,0,0,0,0,0,0,0,0,0,0,0,0,0,0,0,0,0,0,0,0,0,0,0,0,0,0,0,0,0,0,0
"OTU_0000035",0,0,0,0,0,0,0,0,0,0,0,0,0,0,0,0.0421398189925978,0.0859844479806322,0,0,0,0,0.0551983065595595,0,0,0,0,0,0,0,0,0,0,0,0,0,0,0,0,0,0,0,0,0,0,0,0,0,0,0,0,0,0.0735772155913056,0,0,0,0,0,0,0,0,0,0,0,0,0,0,0.0201946772745624,0,0,0.0338037049281363,0.0859844479806322,0,0,0,0,0.0551983065595595,0,0.0500543314054452,0,0,0,0,0,0,0,0,0,0,0,0,0,0,0,0,0,0,0,0,0,0,0,0,0,0.0101543403115341,0,0.0583197476197147,0,0,0,0,0,0,0,0,0,0,0,0,0,0,0,0,0,0,0,0,0,0,0,0,0,0,0,0,0,0,0,0,0,0,0,0,0,0,0,0,0,0,0,0,0,0,0,0,0,0,0,0,0,0,0,0,0,0,0,0,0,0,0,0,0,0,0,0,0,0,0,0.148277369570731,0,0,0,0,0,0,0,0,0,0,0,0,0,0,0,0,0,0,0,0,0,0,0,0,0,0,0,0,0,0,0,0,0,0,0,0.00419732087165782,0,0,0,0,0,0,0,0,0,0,0,0,0,0,0,0,0,0,0,0,0,0,0,0.0884770435801499,0,0,0,0,0,0,0,0,0,0,0,0,0,0,0,0,0,0,0,0,0,0,0,0,0,0,0,0,0,0,0,0,0,0,0,0,0,0,0,0,0,0,0,0,0,0,0,0,0,0,0,0,0,0.120939897848527,0,0,0,0,0,0,0,0,0,0,0,0,0,0,0,0,0,0,0,0,0,0,0,0,0,0,0,0,0,0,0,0,0,0,0,0,0,0,0,0,0,0,0,0,0,0,0,0,0,0,0,0,0,0,0,0,0,0,0,0,0,0,0,0,0,0,0,0,0,0,0,0,0,0,0,0,0,0,0,0,0,0,0,0,0,0,0,0,0,0,0,0,0,0,0,0,0,0,0,0,0,0,0,0,0,0,0,0,0,0,0,0,0,0,0,0,0,0,0,0,0,0,0,0,0,0,0,0,0,0,0,0,0,0,0,0,0,0,0,0
"OTU_0000327",0,0,0,0,0,0,0,-0.0688072599377682,0,0,0.187999515986335,0,0,0,0.0562778559101825,0,0,0,0,0,0,0,0,0,0,0,0,0,0,0,0,0,0,0.165331110369421,0.136243328223842,0,0,0.0855312081633155,0,0,0,0,0.0846947490322807,0,0,0,0,0,0,0,0,0,0,0,0,0,0,0,0,0,0,-0.0688072599377682,0,0,0.187999515986335,0.0268973318497971,0,0,0.00176832397020927,0,0,0,0,0,0,0,0,0,0,0,0,0,0,0,0,0,0,0.165331110369421,0.11040182086355,0.0228830678295431,0,0.0931800264626496,0,0,0,0,0.0182228662690495,0,0,0,0,0,0,0,0,0,0,0,0,0,0,0,0,0,0,0,0,0,0.0935436596430034,0,0,0,0.0510776970997235,0,-0.00930399367026063,0,0,0,0,0,0,0,0,0,0,0,0,0,0,0,0,0.230167092913725,0,0.0418836608686987,0,0.0033889713497511,0,0,0,0,0.088984248366108,0,0,-0.053298835544904,0,0,0,0,0,0,0,0,-0.0879825863759495,0,0,-0.03161411742549,0,0.00529871763334667,0,-0.142628255252328,0,0,0.0932915838976686,0,0,0,0.0509400560386881,0,-0.00927892183591106,0,0,0,0,0,0,0,0,0,0,0,0,0,0,0,0,0.229546852678104,0,0,0,0.0288715380426736,0,0,0,0,0.0887444590440358,0,0,-0.00321294561947268,0,0,0,0,0,0,0,0,0,0,0,0,0,0,0,0,0,0,0.0978294168822641,0,0,0,0,0,0,0,0,0,0,0,0,0,0,0,0,0,0,0,0,0,0,0.181750447776409,0,0.0672749011876906,0,0,0,0,0,0,0.137109653026679,0,0,-0.0130090646217231,0,0,0,0,0,0,0,0,0,0,0,-0.11766330387968,0,0.010242326108101,0,0,0,0,0.0978055811139701,0,0,0,0,0,0,0,0,0,0,0,0,0,0,0,0,0,-0.033011452675217,0,0,0,0,0.202228517079724,0,0.0672585099118575,0,0.0622439971130849,0,0,0,0.0429178404739753,0.109348049615003,-0.0364861952405438,0,-0.0130058950122138,0,0,0,0,0,0,0,0,0,0,0,0,0,0,0,0,0,0,0,0,0,0,0,0,0,0,0,0.0519106110952349,0,0,0,0,0,0,0,-0.0227113949469597,0,0,0,0,0,0.153330894859821,0,0.143576677119392,0,0,0,0,0,0.1225548569166,0.0727903736407013,0,0,-0.0800373905958413,0,0,0,0,0,0,0,0,0,0,0,-0.0821332574016804,-0.0182126443740192,0.0438672602533561,0,0,0,0,0.00299036208735988,0,0,0,0,0,0,0,0,0.0519106110952349,0,0,0,0,0,0,0,-0.0227113949469597,0,0,0,0,0,0.153330894859821,0,0.143576677119392,0,0,0,0,0,0.1225548569166,0.0727903736407013,0,0,-0.0800373905958413,0,0,0,0,0,0,0,0
"OTU_0000235",0,0.0951613520606497,0,0,0,0,0.238263588115497,0,0,0,0,0,0,0,0,0,0,0.220909216428852,-0.0475560307696857,0,0,0,0,0,0,0,0,0,0,0,0,0,-0.056984487918512,0,0,0,0,0,0,0,-0.143666958380619,0,0,0,0,0,0,0,0,0,0,0,0,0,0,0.084843359500222,0,0,0,0,0.238263588115497,0,0,0,0,0,0,0,0,0,0,0.220909216428852,-0.0535053507917947,0,0,0,0,-0.0357382908536352,0,0,0,0,0,0,0,0,0,0,0,0,0,0,0,0,-0.088640726655668,0,0,0,0,0,0,0,0,0,0,0,0,0,0,0.0862861608298589,0,0,0,0,0.248112026983966,0,0,0,0,0,-0.090567434754396,0,0,0,0,0.18285642316803,-0.00169515298882401,0,0,0,0,-0.0392259636977553,0,0,0,0,0,0,0,0,0,0,0,0,0,0,0,-0.0574965862615785,0,0,0,0,0,0,0,0,0,0,0,0,0,0,0,0.100210775112865,0,0,0,0,0.243089369068213,0,0.0364861917733344,0,0,0,0,0,0,0,0,0.182608772465025,-0.00169285716665868,0,0,0,0,-0.0391728382055386,0,0,0,0,0,0,0,0,0,0,0,0,0,0,0,0,-0.123722569154757,0,0,0,0,0,0,0,0,0,0,0,0,0,0,0.125322410042384,0,0,0,0,0.21741666013117,0,0,0,0,0,0,0,0,0,0,0,0,0,0,0,0,0,0,0,0,0,0,0,0,0,0,0,0,0,0,0.0166870502751376,0,0,0,0,0,0,0,0,0,0,0,0,0,0,0,0,0,0.0132894052330929,0,0,0,0,0.245158484635084,0,0,0,0,0,0,0,0,0,0,0.136225919244779,0,0,0,0,0,-0.0117986346863574,0,0,0,0,0,0,0,0,0,0,0,0,0,0,0,0,0,0,0,0,0,0,0,0,0,0,0,0,0,0,0,0.0788623574987311,0,0,0,0,0.155639472318832,0,0,0,0,0,0,0,0,0,0,0.145274355883766,-0.0205716701187973,0,0,0,0.0531087472766827,0,0,0,0,0,0,0,0,0,0,0,0,0,0,0,0,0,0,0,0,0,0,0,0,0,0,0,0,0,0,0,0,0.124203299228199,0,0,0,0,0.155639472318832,0,0,0,0,0,0,0,0,0,0,0.145274355883766,0,0,0,0,0,0,0,0,0,0,0,0,0,0,0,0,0,0,0,0,0,0,0,0,0,0,0,0,0,0,0,0,0,0,0,0
"OTU_0000120",0,0,0,0,0,-0.00651520102876169,0,0,0,0,0,0,0,0,0,0,0,0,0,0,0,0,0,0,0,0,0,0,0,0,0,0,0,0,0,0,0,0,0,0,0,0,0,0,0,0,0,0,0,0,0,0,0,0,0,0,0,0,0,0,0,0,0,0,0,0,0,0,0,0,0,0,0,0,0,0,0,0,0,0,0,0,0,0,0,0,0,0,0,0,0,0,0,0,0,0,0,0,0,0,0,0,0,0,0,0,0,0,0,0,0,0,0.0385875002247459,0,0,0,0,0,0,0,0,0,0,0,0,0,0,0,0,0,0,0,0,0,0,0,0,0,0,0,0,0,0,-0.00204501470018849,0,0,0,0,0,-0.00644983779035471,0,0,0,0,0,0.155208752292879,0,0,0,0,0.104517921065028,0,0,0,0,0,0,0,0,0,0,0,0,0,0,0,0,0,0,0,0,-0.0714015125639829,0.157271904862267,0,0,0,0,0,0,0,0,0,0,-0.00937890012744283,0,0,0,0,0,0,0,0,0,-0.00644983779035471,0,0,0,0,0,0.155208752292879,0,0,0.0203451776982123,0,0,0,0,0.00799890557581676,0,0,0.00935771524509116,0,0,0,0,0,0,-0.0381734760081353,0,0,0,0,0,0,0,0,0,0,0,0,0,0,0,0,0,0,0,0,0,0,0,0,0,0,0,0,0,-0.0916925008654515,0,0,0,0.0497196963999034,-0.0285998839649878,0.128709610343447,0,0,0,0,0,0,0,0,0,0,0,0,0,0,0,0,0,0,0,0,0,0,0,0,0,-0.00149936160635689,0,0,0,0,0,0,0,0,0,0,0,0,0,0,0,0,0,0,0,0,0,0,0,0,0,0,0,0.105606296454565,0,0,0,0,0,0,0,0,0,0,0,0,0,0,0,0,0,-0.135619617872284,0,0,0,0,0,0,0,0,0,0,0,0,0,-0.0227113949469597,0,0,0,0,0,0,0,0,0,0,0,0,0,0,0,-0.0650628295419925,0,0,0,0.0468025641419684,0,0.0923017186448623,0,0,0,0,0,0,0,0,0,0,0,0,0,0,0,0,0,-0.135619617872284,0,0,0,0,0,0,0,0,0,0,0,0,0,-0.0227113949469597,0,0,0,0,0,0,0,0,0,0,0,0,0,0,0,0,0,0,0,0,0,0.0117415520728433,0,0,0,0,0,0
"OTU_0000007",0,0,0,0,0,0,0,0,0,0,0,0,0,0,0,0,0,0,0,0,0,0,0,0,0,0,0,0,0,0,0,0,0,0,0,0,0,0,0,0,0,0,0,0,0,0,0,0,0,0,0,0,0,0,0,0,0,0,0,0,0,0,0,0,0,0,0,0,0,0,0,0,0,0,0,0,0,0,0,0,0,0,0,0,0,0,0,0,0,0,0,0,0,0,0,0,0,0,0,0,0,0,0,0,0,0,0,0,0,0,0,0.042730655983484,0,0,0,0,0,0,0,0,0,0,0,0,0,0,0,0,0,0,0,0,0,0,0,0,0,0,0,0,0,0,0,0,0,0,0,0,0,0,0,0.0299807896284086,0,0,-0.0301986127815558,0,0,0,0,0,0,0,0,0,0,0.0864962187518604,0,0,0,0,0,0,0,0,0,0,0,0,0,0,0,0,0,0,0,0,0,0,0,0,0,0,0,0,0,-0.00160958658188027,0,0,0,0,0,0,0,0,0,0,0,0.0810581071645061,0,0,0,0,0,0,0,0,0,0,0,0,0,0,0,0,0,0,0,0,0,0,0,0,0,0,0,0,0,0,0,0,0,0,0,0,0,0,0,0,0,0,0,0,0,0,0,0,0,0,0,0,0,0,0,0,0,0,0,0,0,0,0,0,0,0,0,0,0,0,0,0,0,0,0,0,0,0,0,0,0,0,0,0,0,0,0,-0.033011452675217,0,0,0,0,0,0,0,-0.099461392859292,0,-0.018152341841684,0,0,0,0,0,0,-0.0178704881984173,0,0,0.137190523977402,0,0,0,0,0,0,0,0,0,0,0,0,0,0,0,0,0,0,0,0,0,0,0,0,0,0,0,0,0,0,0,0,0,0,0,0,0,0,0,0,0,-0.0189650474448782,0,0,0,0,0,0,0,0,-0.054745950133561,0,0,0,0,0,0,0,0,0,0,0,0,0,0,0,0,0,0,0,0,0,0,0,0,0.0269602223562529,0,0,0,0,0,0,0,0,0,0,0,0,0,0,0,0,0,0,0,-0.0189650474448782,0,0,0,-0.0281052215166272,0,0,0,-0.117234927626851,-0.054745950133561,0,0,0,0,0,0,0,0,0,0,0
"OTU_0000148",0,0,0,0,0,0,0,0,0,0,0,0,0,0,0,0.114898309020602,0,0,0,0,0,0,0,0,0,0,0,0,0,0,0,0,0,0,0,0,0.0711027373247453,0,0,0,0,0,0,0,0,0,0,0,0,0,0,0.0191495730042495,0,0,0,0,0,0,0,0,0,0,0,0,0,0,0,0,0,0,0,0,0,0,0,0,0,0,0,0,0,0,0,0,0,0,0,0,0,0,0,0,0,0,0,0,0,0,0,0,0,0,0,0,0,0,0,0,0,0,0,0,0,0,0,0,0,0,0,0,0,0,0,0,0,0,0,0,0,0,0,0,0,0,0,0,0,0,0,0,0,0,0,0,0,0,0,0,0,0,0,0,0,0,0,0,0,0.0463160972957495,0,0,0,0,0,0,0,0,0,0,0,0,0,0,0,0,0,0,0,0,0,0,0,0,0,0,0,0,0,0,0,0,0,0,0,0,0,0,0,0,0,0,0,0,0,0,0,0,0,0,0,0,0,0,0,0,0,0,0,0,0,0,0,0,0,0,0,0,0,0,0,0,0,0,0,0,0,0,0,0,0,0,0,0,0,0,0,0,0,0,0,0,0,0,0,0,0,0,0,0,0,0,0,0,0,0,0,0,0,0,0,0,0,0,0,-0.0104831367783147,0,0,0,0,0,0,0,0,0,0,0,0,0,0,0,0,0,0,0,0,0,0,0,0,0,0,0,0,0,0,0,0,0,0,0,0,0,0,0,0,0,0,0,0,0,0,0,0,0,0,0,0,0,0,0,0,0,0,0,0,0,0,0,0,0,0,0,0,0,0.00678244045940464,0,0,0,0,0,0,0,0,0,0,0,0,0,0,0,0,0,0,0,0,0,0,0,0,0,0,0,0,0,0,0,0,0,0,0,0,0,0,0,0,0,0,0,0,0,0,0,0,0,0,0,0,0,0,0,0,0,0,0,0,0,0,0,0,0,0,0,0,0,0,0,0,0,0,0,0,0,0,0,0,0,0,0,0,0,0,0,0
"OTU_0000051",0,0,0,0,0,0,0,0,0,0,0,0,0,0,0,0.00739465037214367,0,0,0,0,0,0.11908106845539,0,0,0,0,0,0,0,0,0,0,0,0,0,0,0.0325053371540315,0,0,0,0,0,0,0,0,0,0,0,0,0,0,0.204887707816134,0,0,0,0,0,0,0,0,0,0,0,0,0,0,0,0,0,0.0988707159991601,0,0,0,0,0,0.11908106845539,0,0,0,0,0,0,0,0,0,0,0,0,0,0,0.0436155221263519,0,0,0,0,0,0,0,0,0,0,0,0,0.0795225225692053,0,0.217372317143435,0,0,0,0,0,0,0,0,0,0,0,0,0,0,0,0,0,0.128319445654064,0,0,0,0,0,0,0,0,0,0,0,0,0,0,0,0,0,0,0,0,0,0,0.00562775144889333,0,0,0,0,0,0,0,0,0,0,0,0,0.127607277416699,0,0,0,0,0,0,0,0,0,0,0,0,0,0,0,0,0,0.128319445654064,0,0,0,0,0,0,0,0,0,0,0,0,0,0,0,0,0,0,0,0,0,0,0,0,0,0,0,0,0,0,0,0,0,0.0452411675483651,0,0.150329417643289,0,0,0,0,0,0,0,0,0,0,0,0,0,0,0,0,0,0.0514607165452987,0,0,0,0,0,0,0,0,0,0,0,0,0,0,0,0,0,0,0,0,0,0,0,0,0,0,0,0,0,0,0,0,0,0,0,0.00711529245450733,0,0,0,0,0,0,0,0,0,0,0,0,0,0,0,0,0,0,0,0,0,0,0,0.0939846525233294,0,0,0,0,0,0,0,0,0,0,0,0,0,0,0,0,0.0640283665482855,0,0,0,0,0,0,0,0,0,0,0,0,0,0,0,0,0,0,0,0,0,0,0,0,0,0,0,0,0,0,0.00437514396369452,0,0,0,0,0,0,0,0,0,0,0,0,0,0,0,0,0,0,0,0,0,0,0,0,0,0,0,0,0,0,0,0,0,0,0,0,0,0,0,0,0,0,0,0,0,0,0,0,0,0,0,0,0,0.00437514396369452,0,0,0,0,0,0,0,0,0,0,0,0,0,0,0,0,0,0,0,0,0,0,0,0,0,0,0,0,0,0,0,0,0,0,0,0,0,0
"OTU_0000030",0,0,0,0,0,0,0,0,0,0,0,0,0,0,0,0,0,0,0,0,0,0,0,0,0,0,0,0,0,0,0,0,0,0,0,0,0,0,0,0,0,0,0,0,0,0,0,0,0,0,0,0,0,0,0,0,0,0,0,0,0,0,-0.116874338023823,0,0,0,0,0,0,0,0,0,0,0,0,0.141856716859531,0,0.00151789146888882,0,0,0,0,0,0,0,0,0,0,0,0,0,0,0.155923261893904,0,0,0,0,0,0,0,0,0,0,0,0,0,0,0,0,0,0,0,0,0,0,0,0,0,0,0,0,0,0,0,0,0,0,0,0,0,0,0,0,0,0,0,0,0,0,0,0.0208595660560305,0,0,0,0,0,0.0844464665204576,0,0,0,0,0,0,0,0,0,0,0,0,0,0,0,0,0,0,0,0,0,0,0,-0.0421900358115928,0,0,0.0647468118752861,0.0967866811136843,0,0,0,0,0,0,0.0446355772614292,0,0,0,0.0840414212067983,0,0,0,-0.00937890012744283,0,0,0,0,0.0208595660560305,0,0,0,0,0,0.0550483368951661,0,0,0,0,0,0,0,0,0,0,0,0,0,0,0,0,0,0,0,0,0,0,0,0,0,0,0,0,0,0,0,0,0,0,0,0,0,0,0,0,0,0,0,0,0,0,0,0,0,0,0,0,0,0,0,0,0,0,0,0,0,0.0132289877180456,0,0,0,0,0,0,0,0,0,0,0,0,0,0,0,-0.00723163016158998,0,0,0,0,0,0,0,0,0,0,0,0,0,0,0,0,0,0,0,0,0,0,0,0,0,0,0,0,0,0,0,0,0,0,0,0,-0.00532208399705033,0.0132289877180456,0,0,0,0,0,0,0,0,0,0,0,0,0,0,0,0,0,0,0,0,0,0,0,0,0,0,0,0,0,0,0,0,0,0,0,0,0,0,0,0,0,0,0,0,0,0,0,0,0,0,0,0,0,0,0,0,0,0,0,0,0,0,0,0,0,0,0,0,0,0,0,0,0,0,0,0,0,0,0,0,0,0,0,0,0,0,0,0,0,0,0,0,0,0,0,0,0,0,0,0,0,0,0,0,0,0,0,0,0,0,0,0,0,0,0
"OTU_0000014",0,-0.00121461813962882,0,0,0,0,0,0,0,0,0,0,0,0,0,0,0,0,0.168649053340389,0,0,0,0,0,0,0,-0.056984487918512,0,0,0,0,0,0,0,0,0,0,0,0,0,0.150410887286124,0,0,0,0,0,0,0,0,0,0,0,0,0,0,0,0,0,0,0,0,0,0,0,0,0,0,0,0,0,0,0,0,0,0,0,0,0,0,0,0,0,0,0,0,0,0,0,0,0,0,0,0,0,0,0,0,0,0,0,0,0,0,0,0,0,0,0,0,0,0,0,0,0,0,0,0,0,0,0,0,0,0,0.124492206881412,0,0,0,0,0,0,0,0,0,0,0,0,0,0,0,0.0208595660560305,0,0,0,0,0,0,0.0780194834786257,0,0,0,0,0,0,0,0,0,0,0,0,0,0,0,0,0,0,0,0,0,0,0,0,0,0,0.0598275049295799,0,0,0,0,0,0,0,0,0,0,0,0.00342861490876584,0,0,0,0,0,0,0,0.0208595660560305,0,0,0,0,0,0,0,0,0,0,0,0,0,0,0,0,0,0,0,0,0,0,0,0,0,0,0,0,0,0,0,0,0,0,0,0,0,0,0,0,0,0,0,0,0,0,0,0,0,0,0,0,0,0,0,0,0,0,0,0,0,0,0,0,0,0,0,0,0,0,0,0,0,0,0,0,0,0,0,0,0,0,0,0,0,0,0,0,0,0,0,0,0,0,0,0,0,0,0,0,0,0,0,0,0,0,0,0,0,0,0,0,0,0,0,0,0,0,0,0,0,0,0,0,0,0,0,0,0,0,0,0,0,0,0,0,0,0,0,0,0,0,0,0,0,0,0,0,0,0,0,0,0,0,0,0,0,0,0,0,0,0,0,0,0,0,0,0,0,0,0,0,0,0,0,0,0,0,0,0,0,0,0,0,0,0,0,0,0,0,0,0,0,0,0,0,0,0,0,0,0,0,0,0,0,0,0,0,0,0,0,0,0,0,0,0,0,0,0,0,0,0,0,0,0,0,0,0,0,0,0,0,0,0,0,0,0,0
"OTU_0000017",0,0,0,0,0,0,0,0,0,0,0.00522447591039727,0,0,0,0,0,0,0,0,0,0,0,0,0,0,0.165331110369421,0,0,0,0,0,0,0,0,0.00917935031489099,0.220833943352083,0,0.163215840287425,0,0,0,0,0.146116615796284,0,0,0,0,0,0,0,0,0,-0.0327659595419545,0,0,0,0,0,0,0,0,0,0,0,0.00908883532893271,0,0,0,0,0,0,0,0,0,0,0,0,0,0,0.165331110369421,0,0,0,0,0,0,0,0,0,0.220833943352083,0,0.163215840287425,0,0,0,0,0.13383804388516,0,0,0,0,0,0,0,0,0,0,0,0,0,0,0,0,0,0,0,0,0,0,0,0,0,0,0,0,0,0,0,0,0,0,0,0,0.230167092913725,0,0,0,0,0,0,0,0,0,0.248097977346883,0,0.0250762392352191,0,0,0,0.125365493578093,0.0648822791054093,0,0,-0.105787744143124,0,0,0,0,0,0,0,0,-0.0237379644872412,0,0,-0.111441874694144,0,0.0282555045857998,0,-0.0567318135563886,0,0,0.000118203198042881,0,0,0,0.049448662429573,0,0,0,0,0,0,0,0,0,0,0.229546852678104,0,0,-0.00160958658188027,0,0,0,0,0,0,0.147589328790849,0,0.135350855160056,0,0,0,0,0.139299660520106,0,0,-0.105787744143124,0,0,0,0,0,0,0,0,0,0,0,0,0,0,0,0,0,0,0,0,0,0,0,0,0,0,0,0,0,0,0,0,0,0.181750447776409,0,0,0,0,0,0,0,0,0,0.140487083896875,0,0,0,0,0,0,0,-0.0875804775274648,0,0,0,0,0,0,0,0,0,0,0,0,-0.0252097753702193,-0.0760325897452324,0,0,0,0,-0.0083136573259495,0,0,0,0,0,0,0,0,0,0,0,0,0,0,0,0,0.202228517079724,0,0,-0.099461392859292,0,0,0,0,0,0,0.15005613868721,0.00421092272765873,0.0884872231058368,0,0,0,0.0880647986556187,0.0117689814664404,-0.0574489259545793,0,-0.151187776566021,0,0,0,0,0,0,0,0,0,0,0,0,0,0,0,0,0,0,0,0,0,0,0,0,0,0,0,0,0,0,0,0,0,0.153330894859821,0,0,-0.0189650474448782,0,0,0,0,0,0,0.0940952479281641,0,0.0184481589076864,0.00841215199472315,0,0,0.0616773329415184,0.0559128637543912,0,0,-0.00258657873606899,0,0,0,0,0,0,0,0,0,0,0,-0.0406655713292054,0,0.0178958297376062,0,-0.0617561230690507,0,0,0.0946216609381672,0,0,-0.0261706360168564,0,0,0,0,0,0,0,0,0,0,0,0.153330894859821,0,0,-0.0189650474448782,0,0,0,0,0,0.0546213095782127,0.0940952479281641,0,0.0184481589076864,0.00841215199472315,0,0,0.0616773329415184,0.0756415939442932,0,0,-0.00258657873606899,0,0,0,0,0,0,0,0
"OTU_0000050",0,0,0,0,0,0,0,0,0,0,0.220848860667199,0,0,0,0,0,0,0,0,0,0,0,0,0,0,0.136243328223842,0,0,0,0,0,0,0,0.00917935031489099,0,0,0,0,0,0,0,0,0.0646686623329269,0,0,0,0,0,0,0,0,0,0,0,0,0,0,0,0,0,-0.00637765564454309,0,0,0,0.220848860667199,0,0,0,0,0,0,0,0,0,0,0,0,0,0,0.11040182086355,0,0,0,0,0,0,0,0,0,0,0,0,0,0,0,0,0,0,0,0,0,0,0,0,0,0,0,0,0,0,0,0,0,0,0,0,0,0,0,0,0,0,0,0,0,0,0,0,0,0,0,0,0,0,0,0,0,0,0,0,0,0,0,0,0,0,0,0,0,0,0,0,0,0,0,0,0,0,0,0,0,0,0,0,0,0,0,0,0,-0.0154908541008685,0,0,0.0530070054981637,0,0,0,0,0,0,-0.00142585629975352,0,0,0,0,0,0,0,0,0,0,0,0,0,0,0,0,0,0,0,0,0,0,0,0,0,0,0,0,0,0,0,0,0,0,0,0,0,0,0,0,0,0,0,0,0,0,0.169534618141085,0,0,0,0,0,0,0,0,0,0,0,0,0,0,0,0,0,0,0,0,0,0,0,0,0,0,0,0,0,0,0,0,0,0,0,0,0,0,0,0,0,0,0,0,0,0,0,0,0,0,-0.0317473540799107,0,0,0.148087956487855,0,0,0,0,0,0,0,0,0,0,0,0,0,0,0,0,0,0,0,0,0,0,0,0,0,0,0,0,0,0,0,0,0,0,0,0,0,0,0,0,0,0,0,0,0,0,0,0,0,0,0,0,0,0.0775192857561647,0,0,0,0,0,0,0,0,0,0,0,0,0,0,0,0,0,0,0,0,0,0,0,0,0,0,0,0,0,0,0,0,0,0,0,0,0,0,0,0,0,0,0,0,0,0,0,0,0,0,0,0,0,0.0775192857561647,0,0,-0.0810642373674988,0,0,0,0,0,0,0,0,0,0,0,0,0,0,0,0,0,0,0,0.0546213095782127,0,0,0,0,0.0615341644873226,0,0,0,0.103513800569713,0,0,-0.105065898558943,0,0,0,0,0,0,0,0
"OTU_0000365",0,0,0,-0.122812688293946,0,0,0,0,0,0,0,0,0,0,0,0,0,0,0,0,0,0,0,0,0,0,0,0,0,0,0,0,0,0.220833943352083,0,0,0,0.191227558359004,0,0,0,0,0,0,0,0,0,0,0,0,0,0,0,0,0,0,0,-0.122812688293946,0,0,0,0,0,0,0,0,0,0,0,0,0,0,0,0,0,0,0,0,0,0.0228830678295431,0,0,0,0,0,0,0,0.220833943352083,0,0,0,0.191227558359004,0,0,0,0.0478036229054758,0,0,0,0,0,0,0,0,0,0,0,0,0,0,0,0,0,0,0,0,0,0,0,0,0,0,0,0,0,0,0,0,0,0,0,0,0,0.0418836608686987,0,-0.00204501470018849,0,0,0,0,0,0.248097977346883,0,0,0,0,0,0,0,0.160861199751195,0,0,0,0,0,0,0,0,0,0,0,0,0,0,0,0,0,0,0,0,0,0,0,0,0,0,0,0,0,0,0,0,0,0,0.00153660630930682,0,0,0,0,0,0,0,0,0,0,0.147589328790849,0,0,0,0.108138096783575,0,0,0,0.0727936107875373,0,0,0,-0.129057495239599,0,0,0,0,0,0,0,0,0,0,0,0,0,0,0,0,0,0,0,0,0,0,0,0,0,0.0207635156511383,0,0,0,0,0,0,0,0.0672749011876906,0,0,0,0,0,0,0,0.140487083896875,0,0,0,0,0,0,0,0,0,-0.00610329577123229,0,0,0,0,0,0,0,0,0,0,0,0,0,0,0,0,0,0,0,0,0,0,0,0,0,0,0,0.0207635156511383,0,0,0,0,0.0940208924732311,0,0,0.0672585099118575,0,0,-0.018152341841684,0,0,0,0,0.15005613868721,0,0,0,0.110014705374747,0,0,0,0.0446452718834064,0,-0.0211438213831586,0,-0.000345231768975784,0,0,0,0,0,0,0,0,0,0,0,0,0,0,0,0,0,0,0,0,0,0,0,0,0,0,0,0,0,0,0,0,0,0.143576677119392,0,0,0,0,0,0,0,0.0940952479281641,0,0,0,0.110933713460342,0,0,0,0.157302005834778,0,0,0,0,0,0,0,0,0,0,0,0,0,0,0,0,0,0,0,0,0,0,0,0,0,0,0,0,0,0,0,0,0,0,0,0,0,0.143576677119392,0,0,0,0,0,0,0,0.0940952479281641,0,0,0,0.110933713460342,0,0,0,0.157302005834778,0,0,0,0,0,0,0,0,0,0,0,0
"OTU_0000075",0,0,0,0,0,0,0,0,0,0,0,0,0,0,0,0.0870469649083815,0,0,0,0,0,0,0,0,0,0,0,0,0,0.0711027373247453,0.0325053371540315,0,0,0,0,0,0,0,0.0406151913673408,0,0,0,0,0,0,0,0,0,0,0,0,0.188765734681672,0,0,0,0,0,0,0,0,0,0,0,0,0,0,0,0,0,0.0870469649083815,0,0,0,0,0,0.00235652757864177,0,0,0,0,0,0,0,0,0.0436155221263519,0,0,0,0,0,0,0,0.0406151913673408,0,0,0,0,0,0,0,0,0,0,0,0,0.136247073242065,0,0,0,0,0,0,0,0,0,0,0,0,0,0,0,0,0.0336146043943824,0,0,0,0,0,0,0,0,0,0,0,0,0,0,0,0,0,0,0,0,0,0,0,0,0,0,0,0,0,0,0,0,0,0,0,0,0.0332349884695603,0,0,0,0,0,0,0,0,0,0,0,0,0,0,0,0,0,0,0,0,0,0,0,0,0,0,0,0,0,0,0,0,0,0,0,0,0,0,0,0,0,0,0,0,0,0,0,0,0,0,0,0,0,0,0,0,0,0,0,0,0,0,0,0,0,0,0,0,0,0,0,0,0,0,0,0,0,0,0,0,0,0,0,0,0,0,0,0,0,0,0,0,0,0,0,0,0,0,0,0,0,0,0,0,0,0,0,0.0727429681177266,0,0,0,0,0,0,0,0,0,0,0,0,0,0,0,0,0,0,0,0,0,0,0,0,0,0,0,0,0,0,0,0,0,0,0,0.00421092272765873,0,0,0,0,0,0,0,0,0.086354014787228,0,0,0,0,0,0,0,0,0.00274739213663886,0,0,0,0,0,0,0,0,0,0,0,0,0,0,0,0,0,0,0,0,0,0,0,0,0,0,0,0,0,0,0,0,0,0,0,0,0,0,0,0,0,0,0,0,0,0,0,0,0,0,0,0,0,0.150112499135867,0,0,0,0,0,0,0,0,0,0,0,0,0,0,0,0,0,0,0,0,0,0,0,0,0,0,0,0,0,0,0,0,0,0,0,0,0,0,0,0,0,0,0,0,0,0,0,0,0,0,0,0,0,0.150112499135867,0,0
"OTU_0000353",0,0,0,-0.00265341152810957,0,0,0,0,0,0,0,0,0,0,0.0132191943131591,0,0,0,0,0,0,0,0,0,0,0.0855312081633155,0,0,0,0,0,0,0,0.163215840287425,0,0.191227558359004,0,0,0,0,0,0,0,0,0,0,0,0,0,0,0,0,-0.139708842497688,0,0,0,0,0,0,0,0,0,0,0,0,0,0,0,0.0241943409712485,0,0,0,0,0,0,0,0,0,0,0.0931800264626496,0,0,0,0,0,0,0,0.163215840287425,0,0.191227558359004,0,0,0,0,0,0,0,0,0,0,0,0,0,0,0,0,0,0,0,0,0,0,0,0,0,0,0,0,0,0,0,0,0,0,0,0,0,0,0,0,0,0,0,0.0033889713497511,0,0,0,0,0,0,0,0.0250762392352191,0,0,0,0,0,0,0,0,0,0,0,0,0,0,0,0,0,0,0,0,0,0,0,0,0,0,0,0,0,0,0,0,0,0,0.142723825461638,0,0,0,0,0,0,0,0,0,0,0.0288715380426736,0,0,0,0,0,0,0,0.135350855160056,0,0.108138096783575,0,0,0,0,0,0,0.103041404310446,0,0,-0.0227096157585485,0,0,0,0,0,0,0,0,0,0.0183113926873808,0,0,0,0,0,0,0,0,0,0,0,0,0,0,0,0,0,0,0,0,0,0,0,0,0.0166870502751376,0,0,0,0,0,0,0,0,0,0,0,0,0,0,0,0,0,0,0,0,0,0,0,0,0,0,0,0,0,0,0,0,0,0,0,0,0,0,0,0,0,0,0,0,0,0,0,0,0,0,0,0,0.0622439971130849,0,0,0,0,0,0,0,0.0884872231058368,0,0.110014705374747,0,0,0,0,0,0.0268238986525448,0,0,0,-0.00755226300690983,0,0,0,0,0,0,0,0,0,0,0,0,0,0,0,0,0,0,0,0,0,0,0,0,0,0,0,0,0,0,0,0,0,0,0,0,0,0,0,0,0,0.0184481589076864,0,0.110933713460342,0,0,0,0,0,0,0,-0.0401545366915221,0,0,0,0,0,0,0,0,0,0,0,0,0,0,0,0,0,0,0,0,0,0,0,0,0,0,0,0,0,0,0,0,0,0,0,0,0,0,-0.0281052215166272,0,0,0,0,0.0184481589076864,0,0.110933713460342,0,0,0,0,0,0,0,0,0,0,0,0,0,0,0,0,0,0
"OTU_0000071",0,0,0,0,0,0,0,0,0,0,0,0.0626666930006495,0.157226241989287,0,0,0,0,0,0,0,0,0,0,0,0,0,0,0,0,0,0,0,0,0,0,0,0.0406151913673408,0,0,0,0,0,0,0,0,0,0,0,0,0.121529763459737,0,0.0819813822264359,0,0,0,0,0,0,0,0,0,0,0,0,0,0,0,0,0,0.0488446584217872,0,0,0,0,0,0.129426414063587,0,0,0,0,0,0,0,0,0,0.155923261893904,0,0,0,0,0.0406151913673408,0,0,0,0,0,0,0,0,-0.0864849764202762,0,0,0,0,0,0.00297116136715485,0,0,0,0,0,0,0,0,0,0,0,0,0,0,0,0,0,0.188105982781322,0,0,0,0,0,0,0,0,0,0,0,0,0,0,0.00562775144889333,0.0844464665204576,0.0780194834786257,0,0,0,0,0,0,0,0,0,0,0,0,0,0,0,0,0,0,0.0799614338785867,0,0,0,0,0,0,0,0,0,0,0,0,0,0,0,0,0,0,0,0,0,0,0,0,0,0,0,0,0,0,0,0,0,0.0550483368951661,0,0,0,0,0,0,0,0,0,0,0,0,0,-0.0465976321439103,0,0,0,0,0,0,0,0,0,0,0,0,0,0,0,0,0,0,0,0,0,0,0,0.0591090049423893,0,0,0,0,0,0,0,0,0,0,0,0,0,0,0,0,0,0,0,0,0,0,0,0,0,0,0,0,0,-0.00273746086542539,0,0,0,0,0,0,0,0,0,0,0,0,0,0,0,0,0,0,0,0,0,0,0,0,0,0,0,0,0,0,0,0,0,0,0,0,0,0,0.0640283665482855,0,0,0,0,0,0,0,0,0,0,0,0,0,0,-0.00273746086542539,0.110503166290208,0,0,0,0,0,0,0,0,0,0,0,0,0,0,0,0,0,0,0,0.0148206450061923,0,0,0.0964813498538625,0,0,0,0.00697027372839796,0,0,0,0,0,0,0,0,0,0,0,0,0,0.00841215199472315,0,0,0,0,0,0,0,0.00274767513689476,0,0,0,-0.109377547370206,0.068714008566698,0,0,0.0175042196453226,0,0,0,0,0,0,0,0,0,0,0,0,0,0,0,0,0.0148206450061923,0,0,0,0,0,0,0.00697027372839796,0,0,0,0,0,0,0,0,0,0,0,0,0,0.00841215199472315,0.0615341644873226,0,0,0,0,0,0,0.00274767513689476,0,0,0,-0.109377547370206,0,0,0,0.0175042196453226,0,0,0,0
"OTU_0000168",0,0,0,0,0,0,0,0,0,0,0,0,0,0,0,0,0,0,0,0,0,0,0,0,0,0,0,0,0,0,0,0,0,0,0,0,0,0,0,0,0,0,0,0,0,0,0,0,0,0,0,0,0,0,0,0,0,0,0,0,0,0,0,0,0,0,0,0,0,0,0,0,0,0,0,0,0,0,0,0,0,0,0,0,0,0,0,0,0,0,0,0,0,0,0,0,0,0,0,0,0,0,0,0,0,0,0,0,0,0,0,0,0,0,0,0,0,0,0,0,0,0,0,0,0,0,0,0,0,0,0,0,0,0,-0.0574965862615785,0,0,0,0,0,0,0,0,0,0,0,0,0,0,0,0,0,0,0,0,0,0,0,0,0,0,0,0,0,0,0,0,0,0,0,0,0,0,0,0,0,0,0,0,0,0,0,0,0,0,0,0,0,0,0,0,0,0,0,0,0,0,0,0,0,0,0,0,0,0,0,0,0,0,0,0,0,0,0,0,0,0,0,0,0,0,0,0,0,0,0,0,0,0,0,0,0,0,0,0,0,0,0,0,0,0,0,0,0,0,0,0,0,0,0,0,0,0,0,0,0,0,0,0,0,0,0,0,0,0,0,0,0,0,0,0,0,0.0417940096419809,0,0,0,0,0,0.0733463260689038,0,0,0,0,0,0,0,0,0,0,0,0,0,0,0,0,0,0,0,0,0,0,0,0,0,0,0,0,0,0,0,0,0,0,0,0,0,0,0,0,0,0,0,0,0,0,0,0,0,0,0,0,0,0,0,0,0,0,0,0,0,0,0,0,0,0,0,0,0,0,0,0,0,0,0,0,0,0,0,0,0,0,0,0,0,0,0,0,0,0,0,0,0,0,0,0,0,0,0,0,0,0,0,0,0,0,0,0,0,0,0,0,0,0,0,0,0,0,0,0,0,0,0,0,0,0,0,0,0,0,0,0,0,0,0,0,0,0,0,0,0,0,0,0,0,0,0,0,0,0,0,0,0
"OTU_0000057",0,-0.0713848187366567,0,0,0,0,-0.0960687585126043,0,0,0,0,0,0.00382445505178221,0,0,0,0,-0.0262875030248535,0.0665192370310455,0,0,0,0,0.102775733174981,0,0,-0.143666958380619,0,0,0,0,0,0.150410887286124,0,0,0,0,0,0,0,0,0,0,0,0,0,0,0,0,0,0.0166489558715341,0,0,0,0,0,0,0,0,0,-0.0960687585126043,0,0,0,0,0.0648645843822245,0,0,0,0,0,0,0.0665192370310455,0,0,0,0,0.149802633918029,0,0,-0.088640726655668,0,0,0,0,0,0,0,0,0,0,0,0,0,0,0,0,0,0,0,0,0,0,0,0,0,0,0,0,0,0,0,0,0,0,0,0,0,0,0,0,0,0,0,0,0,0,0,0,0,0,0,0,0,0,0,0,0,0,0,0,0,0,0,0,0,0,0,0,0,0,0,0,0,0,0,0,0,0,0,0,0,0,-0.142115243581255,0,0,0,0,-0.124228656881119,0,0,0,0,0,0,0,0,0,0,0,0,0,0,0,0,0.0413999799602091,0,0,-0.123722569154757,0,0,0,0,0,0,0,0,0,0,0,0,0,0,0,0,0,0,0,0,0,0,0,0,0,0,0,0,0,0,0,0,0,0,0,0,0,0,0,0,0,0,0,0,0,0,0,0,0,0,0,0,0,0,0,0,0,0,0,0,0,0,0,0,0,0,0,0,0,0,0,0,0,0,0,0,0,0,0,0,0,0,0,0,0,0,0,0,0,0,0,0,0,0,0,0,0,0,0,0,0,0,0,0,0,0,0,0,0,0,0,0,0,0,0,0,0,0,0,0,0,0,0,0,0,0,0,0,0,0,0,0,0,0,0,0,0,0,0,0,0,0,0,0,0,0,0,0,0,0,0,0,0,0,0,0,0,0,0,0,0,0,0,0,0,0,0,0,0,0,0,0,0,0,0,0,0,0,0,0,0,0,0,0,0,0,0,0,0,0,0,0,0,0,0,0,0,0,0,0,0,0,0,0,0,0,0,0,0,0,0,0,0,0,0,0,0,0,0,0,0,0,0,0,0,0,0,0,0,0,0,0,0,0,0,0,0,0,0,0,0,0,0
"OTU_0000049",0,0,0,0,0,0,0,0,0,0,0,0,0,0,0,0,0,0,0,0,0,0,0.0782427665035612,0,0,0,0,0,0,0,0,0,0,0,0,0,0,0,0,0,0,0,0,0,0,0,0,-0.00909329795501377,0,0,0,0,0,0,0,0,0,0,0,0,0,0,0,0,0,0,0,0,0,0,0,0,0,0,0,0,0,0,0,0,0,0,0,0,0,0,0,0,0,0.0478036229054758,0,0,0,0,0,0,0,0,0,0,0,-0.0023219242356546,0,0,0,0,0,0,0,0,0,0,0,0,0,0,0,0,0,0,0,0,0,0,0,0,0,0,0,0,0,0,0,0,0,-0.00644983779035471,0,0,0,0,0,0.125365493578093,0,0.160861199751195,0,0,0,0,0,0,0,0,0,0,0,0,0,0,0,0,0,0,0,0,0,0,0,0,0,0,0,0,0,0,0,0,0,0,0,0,0,0,0,0,0.163911808592209,0,0,0,0,-0.00644983779035471,0,0,0,0,0,0,0,0.0727936107875373,0,0,0,0,0,0,0,0,0,0,0,0,0,0,0,0,0,0,0,0,0,0,0,0,0,0,0,0,0,0,0,0,0,0,0,0,0,0,0,0,0,0,0,0,0,-0.0916925008654515,0,0,0,0,0,0,0,0,0,0,0,0,0,0,0,0,0,-0.00848266447632274,0,0,0,0,0,0,0,0,0,0,0,0,0,0,0,0,0,0,0,0,0,0,0,0,0,0,0,0,0,0,0.0741309993867928,0,0,0.0429178404739753,0,0,0,0,0,0,0,0.0880647986556187,0,0.0446452718834064,0,0.0268238986525448,0,0,0,0,0,0,0,-0.00316522949528463,0,0,0,0,0,0,0,0,0,0,0,0,0,0,0,0,0,0,0,0,0,-0.0429092267594433,0,0,0,0,0,0,0,0,0,0,0,0.1225548569166,0,-0.0650628295419925,0,0,0,0,0,0.0616773329415184,0,0.157302005834778,0,0,0.00274767513689476,0,0,0,0,0,0,-0.134117885017471,0,-0.0212797160532803,0,0,0,0,0,0,0,0,0,-0.00624945952602867,0,0.0178941634162693,0,0,0,0,0.0049670248080653,0,0,-0.0473744175082484,0,0,0,0,0,0,0,0,0,0,0,0.1225548569166,0,0,-0.117234927626851,0,0,0,0,0.0616773329415184,0,0.157302005834778,0,0,0.00274767513689476,0,0,0,0.0642923432968078,0,0,-0.134117885017471,0,0,0,0,0,0,0,0
"OTU_0000065",-0.0185693103480089,0,0,0,0,0,0,0,0,0,0.0977990584125322,0,0,0,0.028247594954756,0,0,0,0,0,0,0,0,0,0,0.0846947490322807,0,0,0,0,0,0,0,0.146116615796284,0.0646686623329269,0,0,0,0,0,0,0,0,0,0,-0.127330896497756,0,0,0,0,0,0,0,0,0,0,0,0,0,0,0,0,0,0,0.0977990584125322,0,0,0,0,0,0,0,0,0,0,0,0,0,0,0.0182228662690495,0,0,0,0,0,0,0,0.13383804388516,0,0,0,0,0,0,0,0,0,0,0,-0.0175629119504827,0,0,0,0,0,0,0,0,0,0,0,0,0,0,0,0,0,0,0.133639939780924,0,0,0,0.031597072970261,0,0,0,0,0,0,0,0,0,0,0.088984248366108,0,0,0,0,0,0,0,0.0648822791054093,0,0,0,0,0,0,0,0,0,0,0,-0.147111160966761,0,0,0,0,0,0,0,0,0,0,0,-0.0035673464669127,0,0,0,0,0,0,0.092277616681936,0.108847085578912,0,0,0.031597072970261,0,0,0,0,0,0,0,0,0,0,0.0887444590440358,0,0,0,0,0,0,0,0.139299660520106,0,0,0,0.103041404310446,0,0,0,0,0,0,0,-0.0955547932739045,0,0,0,0,0,0,0,0,0,0,0,0,0,0,0,-0.0260417133756789,0,0,0.220867127993925,0,0,0,0,0,0,0,0,0,0,0,0,0,0,0.137109653026679,0,0,0,0,0,0,0,0,0,0,0,0,0,0,0,0,0,0,0,-0.0259332567917111,0,0,0,0,0,0,0,0,0,0,0,-0.068876306909968,0,0,0,0,0,0,0.220867127993925,0,0,0,0,0,0,0,0,0,0,0,0,0,0,0.109348049615003,0,0,-0.0178704881984173,0,0,0,0,0.0117689814664404,0,0,0.086354014787228,0,0,0,0,0,0,0,0,-0.0259332567917111,0,0,0,0,0,0,0,0,0,0,0,0,0,0,0,0,0,0,0.235604539123374,0,0,0,0,0,0,0,0,0,0,0,0,0,0,0.0727903736407013,0,0,-0.054745950133561,0,0,0,0,0.0559128637543912,0,0,0,0,0,0,0,0,0,0,0,0,0,0,0,0,0,0,0,0,-0.00277940460461934,0,0,0,0,0,0,-0.0640828577299118,0,0,0.235604539123374,0,0,-0.0940493521755133,0,0,0,0,0,0,0,0,0,0,0,0.0727903736407013,0,0,-0.054745950133561,0,0,0,0,0.0756415939442932,0.103513800569713,0,0,0,0,0,0,0.0642923432968078,0,0,0,-0.034549377779835,0,0,0,0,0,0,0,0
"OTU_0000009",0,-0.137579186913434,0.139783273984817,0.032857715229052,0,0,0,0,0,0,0,0,0,0,0,0,0,0,0,0,0,0,0,0,0,0,0,0,0,0,0,0,0,0,0,0,0,0,0,0,0,0,0,0,0,0,0,0,0,0,0,0,0,0,0,0,0,0.032857715229052,0,0,0,0,0,0,0,0,0,0,0,0,0,0,0,0,0,0,0,0,0,0,0,0,0,0,0,0,0,0,0,0,0,0,0,0,0,0,0,0,0,0,0,0,0,0,0,0,0,0,0,0,0,0,0,-0.0871337608703712,0,0,0,0,0,0,0,0,0,0,0,0,0,0,0,0,0,0,0,0,0,0,0.0299807896284086,0,0,0,0,0,0,0,0,0,0,0,0,0,0,0,0,0,0,0,0,0,0,0,0,0,0,0,0,0,0,-0.14409386456902,0,0,0,0,0,0,0,0,0,0,0,0,0,0,0,0,-0.0286700199657107,0,0,0,0,0,0,0,0,0,0,0,0,0,0,0,0,0,0,0,0,0,0,0.0126945739817438,-0.016507343811446,0,0,0,0,0,0,0,0,0,0,0,0,-0.0779052679595109,0,0,0,0,0,0,0,0,0,0,0,0,0,0,0.103977296313281,0,-0.0376189372335604,0,0,0,0,0,0,0,0,0,0,-0.0875804775274648,0,-0.00610329577123229,0,0,0,0,0,0,0,0,0,0,-0.12118483019766,0,0,0,0.00946769873694514,0,0,0,0,0,0,0,0,-0.0445243831625816,0,0,0,0,0,0,0,0,0,0,0,0,0,0,0,0,-0.0376189372335604,0,0,-0.0364861952405438,0,0,0,0,0,0,0,-0.0574489259545793,0,-0.0211438213831586,0,0,0,0,0,0,0,0,0,0,0,0,0,0,0,0,0,0,0,0,0,0,0,0,0,0,0,0,0,0,0,0,0,0,0,0,0,0,0,0,0,0,0,0,0,0,0,0,0,0,0,0,0,0,0,-0.0401545366915221,0,0,0,0,0,0,0,0,0,0,0,0,0,0,0,0,0,0,0,0,0,0,0,0,0,0,0,0,0,0,0,0,0,0,0,0,0,0,0,0,0,0,0,0,0,0,0,0,0,0,0,0,0,0,0,0,0,0,0,0,0,0,0,0,0,0,0,0,0,0
"OTU_0000062",0,0,0,0,0,0,0,0,0,0,0,0,0,0,0,0,0,0,0,0,0,0,0,0,0,0,0,0,0,0,0,0,0,0,0,0,0,0,0,0,0,0,0,0,0,0,0,0,0,0.0310787837573367,0,0,0,0,0,0,0,0,0,0,0,0,0,0,0,0,0,0,0,0,0,0,0,0,0,0,0,0,0,0,0,0,0,0,0,0,0,0,0,0,0,0,0,0,0,0,0,0,0,0,0,0,0,0,0,0,0,0,0,0,0,0,0,0,0,0,0,0,0,0,0,0,0,0,0,0,0,0,0,0,0,0,0,0,0,0,0,0,0,0,0,0,0,0,0,0,0,0,0,0,0,0,0,0,0,0,0,0,0,0,0,0,0,0,0,0,0,-0.0459790194076284,0,0,0,0,0,0,0,0,0,0,0,0,0,0,0,0,0,0,0,0,0,0,0,0,0,0,0,0,0,0,0,0,0,0,0,0,0,0,0,0,0,0,0,0,0,0,0,0,0,0,0,0,0,0,0,0,0,0,0,0,0,0,0,0,0,0,0,0,0,0,0,0,0,0,0,0,0,0,0,0,0,0,0,0,0,0,0,0,0,0,0,0,0,0,0,0,0,0,0,0,0,0,0,0,0,0,0,0,0,0,0,0,0,0,0,0,0,0,0,0,0,0,0,0,0,0,0,0,0,0,0,0,0,0,0,0,0,0,0,0,0,0,0,0,0,0,0,0,0,0,0,0,0,0,0,0,0,0,0,0,0,0,0,0,0,0,0,0,0,0,0,0,0,0,0,0,0,0,0,0,0,0,0,0,0,0,0,0,0,0,0,0,0,0,0,0,0,0,0,0,0,0,0,0,0,0,0,0,0,0,0,0,0,0,0,0,0,0,0,0,0,0,0,0,0,0,0,0,0,0,0,0,0,0,0,0,0,0,0,0,0,0,0,0,0,0,0,0,0,0,0,0,0,0,0,0,0,0,0,0,0,0,0,0
"OTU_0000159",0.208304174083865,0,0,0,0,0,0,0,0,0,-0.001059127947244,0,0,0,0,0,0,0,0,0,0,0,0,0,0,0,0,0,0,0,0,0,0,0,0,0,0,0,0,0,0,0,-0.127330896497756,0,0,0,-0.0086120307677709,0,0,0,0,0,0,0,0,0,0,0,0.0854934928595277,0,0,0,0,0,0,0,0,0,0,0,0,0,0,0,0,0,0,0,0,0,0,0,0,0,0,0,0,0,0,0,0,0,-0.0864849764202762,0,0,0,-0.0175629119504827,0,0,0,0,0,0,0,0,0,0.0620275153379457,0,0,0,0,0,0,0,0,0,0,0,-0.120501321292071,0,0,0,0,0,0,0,0,0,0,0,0,0,0,-0.053298835544904,0,0,0,0,0,0,0,-0.105787744143124,0,0,0,0,0,0,0,0,-0.147111160966761,0,0,0,0,0,0,0,0,0,0,0,0,0,0,0.0706290147524548,0,0,0,0,0,0,0,-0.00853948524393677,0,0,0,0,0,0,0,0,0,0,0,0,0,-0.00321294561947268,0,0,0.0810581071645061,0,0,0,0,-0.105787744143124,0,-0.129057495239599,0,-0.0227096157585485,-0.0465976321439103,0,0,0,-0.0955547932739045,0.0126945739817438,0,0,0,0,0,0,0,0,0,0,0,0,0,0,0,0,0,0,0,0,0,0,0,0,0,0,0,0,0,0,0,0,0,0,0,-0.0130090646217231,0,0.0497196963999034,0,0,0,0,0,0,0,0,0,0,-0.00273746086542539,0,0,-0.00848266447632274,-0.0259332567917111,0,0,0,0,0,0,0,0,0,0,0,0,0,0,0,0,0,0,0,0,0,0,0,0,0,0,0,0,0,0,0,0,0,0,0,0,-0.0130058950122138,0,0,0.137190523977402,0,0,-0.00532208399705033,0,-0.151187776566021,0,-0.000345231768975784,0,-0.00755226300690983,-0.00273746086542539,0,0,-0.00316522949528463,-0.0259332567917111,0,0,0,0,0,0,0,0,0,0,0,0,0,0,0,0,0,0,0,0,0,0,0,0,0.0229051139787181,0,0,0,0,0,-0.0362697805105555,0,0,0,0,0,-0.0800373905958413,0,0.0468025641419684,0,0,0,0,0,-0.00258657873606899,0,0,0,0,-0.109377547370206,0,0,-0.134117885017471,0,0,0,0,0,0,0,0,0,0,0,0,0,0,0,0,0,0,0,0,0,0,0,0,0,0.0229051139787181,0,0,0,0,0,-0.0362697805105555,0,0,0,0,0,-0.0800373905958413,0,0,0,0,0,0,0,-0.00258657873606899,-0.105065898558943,0,0,0,-0.109377547370206,0,0,-0.134117885017471,-0.034549377779835,0,0,0,0,0,0,0,0,0,0,0
"OTU_0000012",0,0,0,0,0,0,0,0,0,0,0,0,0,0,0,0,0,0,0,0,0,0,0,0,0,0,0,0,0,0,0,0,0,0,0,0,0,0,0,0,0,0,0,0,0,-0.0086120307677709,0,0,0,0,0,0,0,0,0,0,0,0,0,0,0,0,0,0,0,0,0,0,0,0,0.0250991564714464,0,0,0,0,0,0,0,0,0,0,0,0,0,0,0,0,0,0,0,0,0,0,0,0,0,0,0,0,0,0,0,0,0,0,0,0,0,0,0,0,0,0,0,0,0,0,0,0,0,0,0,0,0,0,0,0,0.0167755664720057,0,0,0,0,0,0,0,0,-0.0301986127815558,0,0,0,0,0,0,0,0,0,0,0,0,0,0,0,0,0,0,0,0,0,0,0,0,0,0,0,0,0,0,0,0,0,0,0,0,0,0,0,0,0,0,0,0,0,0,0,0,0,0,0,0,0,0,0,0,0,0,0,0,0,0,0,0,0,0,0,0,-0.016507343811446,0,0,0,0,0,0,0,0,0,0,0,0,0,0,0,0,0,0,0,0,0,0,0,0,0,0,0,0,0,0,-0.028547094807633,0,0,0,0,0,0,-0.0285998839649878,0,0,0,0.0132289877180456,0,0,0,0,0,0,0,0,0,0,0,-0.12118483019766,0,0,0,0,-0.0180542228273571,0,-0.110334531986701,0,0,0,0,0,0,0,0,0,0,0,-0.0320350935957589,0,0,0,0,0,0,0,0,0,0,0,0,0.0361213946490946,0,0,0,0,0,0,0,0,0,0.0132289877180456,0,0,0,0,0,0,0.110503166290208,0,0,0,0,0,0,0,0,0,0,0,0,0,0,0,0,0,0,0,0,0,0,0,0,0,0,0,0,0,0,0,0,0,0,0.065381453791906,0,0,0,0,0,0,0,0,0,0,0,0,0,0,0,0,0,0,0.068714008566698,0,0,0,0,0,0,0,0,0,0,0,0,0,0,0,0,0,0,0,0,0,0,0,0,0,0,0,0,0,0,0,0,0,0,0,0,0,0,0,0,0,0,0,0,0,0,0,0,0,0,0,0,0,0,0,0,0,0,0,0,0,0,0,0,0,0,0,0,0
"OTU_0000135",0,0,0,0,0.000521055780555879,0,0,0,0,0,0,0,0,0,0,0,0,0,0,0,0,0,-0.0558205087121786,0,0,0,0,0,0,0,0,0,0,0,0,0,0,0,0,0,0,-0.00909329795501377,0,0,0,0,0,0,0,0,0,0,0,0,0,0,0,0,0.000521055780555879,0,0,0,0,0,0,0,0,0,0,0,0,0,0,0,0,0,-0.0558205087121786,0,0,0,0,0,0,0,0,0,0,0,0,0,0,0,0,0,0,-0.0023219242356546,0,0,0,0,0,0,0,0,0,0,0.0326747952540568,0,0,0,0,0,0.107701004516308,0,0,0,0,0,0,-0.0468225611435297,0,0,0,0,0,0,0,0,0,0,0,0,0,0,0,0.155208752292879,0,0,0,0,0,0,0,0,0,0,0,0,0,0,0,0,0,0,0,0,0,0,0,0,0.0491049120494605,0,0,0,0,0,0,0,0,0,0,0,0,0,0,0,0,0,0,0,0,0,0.0867026299020814,0,0,0,0,0,0,0.155208752292879,0,0,0,0,0,0,0,0,0,0,0,0,0,0,0,0,0,0,0,0,0.10595729377688,0,0,0,0.048264598234649,0,0,0,0,0,0,0,0,0,0,0,0,0,0,0,0,0,0,0,0,0,0,0,0,0,0,0,0,0.128709610343447,0,0,0,0,0,0,0,0,0,0,0,0,0,0,0,0,0,0,0,0,0,0,0,0,0,0,0,0,0,0,0,0,0,0,0,0,0,0,0,0,0,0,0,0,0,0,0,0,0,0,0,0,0,0.105606296454565,0,0,0,0,0,0,0,0,0,0,0,0,0,0,0,0,0,0,0,0,0,0,0,0,0,0,0,0,0,0,0,0,0,0,0,0,0,-0.0770464710742357,0,0,0,0,0,0,0,-0.00126621902568782,0,0,0,0,0,0,0,0.0923017186448623,0,0,0,0,0,0,0,0,0,0,0,0,0,-0.0212797160532803,0,0,0,0,0,0,0,0,0,0,0,0,0,0,0,0,0,0,0,0,0,0,0,0,0,0,0,0,0,0,0,0,0,0,0,0,0,0,0,0.0117415520728433,0,0,0,0,0,0,0,0,0,0,0,0,0,0,0,0,0,0,0,0,0,0,0,0,0,0
"OTU_0000039",0,0,0,0,0,0,0,0,0,0,0,0,0,0,0,0,0,0,0,0,0.167112746587063,0,0,0,0,0,0,0,0,0,0,0,0,0,0,0,0,0,0,0,0,0,0,0,0,0,0,0,0,0,0.184126350755743,0,0,0,0,0,0,0,0,0,0,0,0,0,0,0,0,0,0,0,0,0,0.0536227205499892,0,0.167112746587063,0,0,0,0,0,0,0,0,0,0,0,0,0,0,0,0,0,0,0,0,0,0,0,0,0,0,0,0,0,0.227256608265028,0,0,0,0,0,0,0,0,0,0,0,0,0,0,0,0,0,0,0,0,0,0,0,0.180187838882194,0,0,0,0,0,0,0,0,0,0,0,0,0,0,0,0,0,0,0,0,0,0,0,0,0,0,0,0,0,0.0404105136568252,0,0,0,0,0,0,0,0,0,0,0,0,0,0.00755067055424921,0,0,-0.0744914560476291,0,0,0,0,0,0,0.126099264781394,0,0,0,0,0,0,0,0,0,0,0,0,0,0,0,0,0,0,0,0,0,0,0,0,0,0,0.10595729377688,0,0,0.0404105136568252,0,0,0,0,0,0,0,0,0,0,0,0,0,0,0,0,0,0,0,0,0,0,0,0.185037409507205,0,-0.0167888275438153,0,0,0,0,0,0,0,0,0,0,0,0,0,0,0,0,0,0,0,0,0,0,0,-0.0180542228273571,0,0,0,0.121538889110578,0,0,0,0,0,0,0,0,0,0,0,0,0,0,0,0,0,0,0,0,0,0,0,0.143233168643339,0,0,0,0,0,0,0,0,0,0,0,0,0,0,0,0,0,0,0,0,0,0,0,0,0,0,0,0,0.0673864616167149,0.121538889110578,0,0,0,0,0,0,0,0,0,0,0,0,0,0,0,0,0,0,0,0,0,0,0,0.171506604051487,0,0,0,0,0,0,0,0,0,0,0,0,0,0,0,0,0,0,0,0,0,0,0,0,0,0,0,0,0,0.115041803093362,0.0322747632271538,0,0,0,0,0,0,0,0,0,0,0,0,0,0,0,0,0,0,0,0,0,0,0.171506604051487,0,0,0,0,0,0,0,0,0,0,0,0,0,0,0,0,0,0,0,0,0,0,0,0,0,0,0,0,0,0.115041803093362,0.0151874941929019,0,0
"OTU_0000185",0,0,0,0,0,0,0,0,0,0,0,0,0,0,0,0,0,0,0,0,0,0,0,0,0,0,0,0,0,0,0,0,0,0,0,0,0,0,0.121529763459737,0,0,0,0,0,0.0310787837573367,0,0,0,0,0,0,0.148675927000484,0,0,0,0,0,0,0,0,0,0,0,0,0,0,0,0,0,0,0,0,0,0,0,0,0,0,0.0101543403115341,0,0,0,0,0,0.0795225225692053,0,0,0,0,0,0,0,0,0,0,0,0,0,0,0,0,0,0,0,0.0143318032881018,0.10579387251203,0,0,0,0,0,0,0,0,0,0,0,0,0,0,0,0,0,0,0,0,0,0,0,0,0,0,0,0,0,0,0,0.0463160972957495,0,0,0,0,0,0,0,0,0,0,0,0,0,0,0,0,0,0,0,0,0,0.0439329848057764,0,0,0,0,0,0,0,0,0,0,0,0,0,0,0,0,0,0,0,0,0,0,0,0,0,0,0,0,0,0,0,0,0.0452411675483651,0,0,0,0,0,0,0,0,0,0,0,0,0,0,0,0,0,0,0,0,0,0,0,0,0,0,0,0,0,0,0,0,0,0,0,0,0,0,0,0,0,0,0,0,0,0,0,0,0,0,0,0,0,0,0,0,0,0,0,0,0,0,0,0,0,0,0,0,0,0,0,0,0,0,0,0,0,0,0,0,0,0,0,0,0,0,0,0,0,0,0,0,0,0,0,0,0,0,0,0,0,0,0,0,0,0,0,0,0,0,0,0,0,0,0,0,0,0,0,0,0,0,0,0,0,0.0673864616167149,0,0,0,0,0,0,0,0,0,0,0,0,0,0,0,0,0,0,0,0,0.065242009165313,0,0,0,0,0,0,0,0,0,0,0,0,0,0,0,0,0,0,0,0,0,0,0.0175042196453226,0,0,0,0,0,0,0,0,0,0,0,0,0,0,0,0,0,0,0,0,0,0,0,0,0,0,0,0,0,0,0.065242009165313,0,0,0,0,0,0,0,0,0,0,0,0,0,0,0,0,0,0,0,0,0,0,0.0175042196453226,0,0,0,0,0,0,0,0,0,0,0,0,0,0,0
"OTU_0000025",0,0,0,0,0,0,0,0,0,0,0,0,0,0,0,0,0,0,0,0,0.18264967604521,0,0,0,0,0,0,0,0,0,0,0,0,0,0,0,0,0,0,0,0.0166489558715341,0,0,0,0,0,0,0,0.184126350755743,0,0,0,0,0,0,0,0,0,0,0,0,0,0,0,0,0,0,0,0,0,0,0,0.0330566042133388,0,0.195379706706929,0,-0.0607011012497936,0,0,0,0,0,0,0,0,0,0,0,0,0,0,0,0,0,0,0,0,0,0,0,0,0,0.227256608265028,0.0143318032881018,0,0,0,0,0,0,0,0,0,0,0,0,0,0,0,0,0,0,0,0,0,0,0,0,0.238021177349553,0,0,0,0,0,0,0,0,0,0,0,0,0,0,0,0,0,0,0,0,0,0,0,0,0,0,0,0.0404105136568252,0,0,0,0,0,0,0,0,0,0,0,0,0,0,0,0,0,0,0,0,0,0,0,0,0,0.238021177349553,0,0,0,0,0,0,0.0203451776982123,0,0,0,0,0,0,0,0,0,0,0,0,0,0,0,0,0,0,0,0,0.0404105136568252,0,0,0,0,0,0,0,0,0,0,0,0,0,0,0,0,0,0,0,0,0,0,0,0,0,0.111634382701924,0,0,0,0,0,0,0,0,0,0,0,0,0,0,0,0,0,0,0,0,0,0,0.00946769873694514,0,0,-0.110334531986701,0,0.121538889110578,0,0,0,0,0,0,0,0,0,0,0,0,0,0,0,0,0,0,-0.0456331313038794,0,0,0,0,0,0,0.111634382701924,0,0,0,0,0,0,0,0,0,0,0,0,0,0,0,0,0,0,0,0,0,0,0,0,0,0,0,0.121538889110578,0,0,0,0,0,0,0,0,0,0,0,0,0,0,0,0,0,0,0,0,0,0,0,0.0199672659616906,0,0.192028822824387,0,0,0,0,0,0,0,0,0,0,0,0,0,0,0,0,0,0,0,0,0,0,0,0,0,0,0,0.115041803093362,0,0,0,0,0,0,0,0,0,0,0,0,0,0,0,0,0,0,0,0,0,0,0,0.0199672659616906,0,0.192028822824387,0,0,0,0,0,0,0,0,0,0,0,0,0,0,0,0,0,0,0,0,0,0,0,0,0,0,0,0.115041803093362,0,0,0,0,0
"OTU_0000152",0,0,0,0,0,0,0,0,0,0,0,0,0,0,0,0.16555858108634,0.0115775605875267,0,0,0,0,0.0904972508933979,0,0,0.0735772155913056,0,0,0,0,0.0191495730042495,0.204887707816134,0,0,0,0,0,0.188765734681672,0,0.0819813822264359,0,0,0,0,0,0,0,0,0,0,0.148675927000484,0,0,0,0,0,0,0,0,0,0,0,0,0,0,0,0,0,0,0,0.16555858108634,0,0,0,0,0,0.0904972508933979,0,0,0.0583197476197147,0,0,0,0,0,0.217372317143435,0,0,0,0,0,0.136247073242065,0,0.00297116136715485,0,0,0,0,0,0,0,0,0,0,0.10579387251203,0,0,0,0,0,0,0,0,0,0,0,0,0,0,0,0,0,0,0,0.194952886657099,0,0,0,0,0,0,0,0,0,0,0,0,0,0,0.127607277416699,0,0,0,0,0,0.0332349884695603,0,0.0799614338785867,0,0,0,0,0,0,0,0,0,0,0.0439329848057764,0,0,0,0,0,0,0,0,0,0,0,0,0,0,0,0,0,0,0,0.210297848844843,0,0,0,0,0,0,0,0,0.00419732087165782,0,0,0,0,0,0.150329417643289,0,0,0,0,0,0,0,0,0,0,0,0,0,0,0,0,0,0,0,0,0,0,0,0,0,0,0,0,0,0,0,0,0,0,0,0,0,0,0.144931286394312,0,0,0,0,0,0,0,0,0,0,0,0,0,0,0.00711529245450733,0,0,0,0,0,0.0727429681177266,0,0,0,0,0,0,0,0,0,0,0,0,0,0,0,0,0,0,0,0,0,0,0,0,0,-0.018784338105843,0,0,0,0,0,0,0.144931286394312,0,0,0,0,0,0,0,0,0,0,0,0,0,0,0,0,0,0,0,0,0.00274739213663886,0,0,0,0,0,0,0,0,0,0,0,0,0,0,0,0,0,0,0,0,0,0,0,0,0,0,0,0,0,0,0,0,0.108651334466813,0,0,0,0,0,0,0,0,0,0,0,0,0,0,0,0,0,0,0,0,0.150112499135867,0,0,0,0,0,0,0,0,0,0,0,0.0322747632271538,0,0,0,0,0,0,0,0,0,0,0,0,0,0,0,0,0,0,0,0,0.108651334466813,0,0,0,0,0,0,0,0,0,0,0,0,0,0,0,0,0,0,0,0,0.150112499135867,0,0,0,0,0,0,0,0,0,0,0,0.0151874941929019,0,0,0,0,0
"OTU_0000154",0,0,0,0,0,0,0,0,0,0,0,0,0,0,0,0,0,0,0,0,0,0,0,0,0,0,0,0,0,0,0,0,0,-0.0327659595419545,0,0,0,-0.139708842497688,0,0,0,0,0,0,0,0,0,0,0,0,0,0,0,0,0,0,0,0,0,0,0,0,0,0,0,0,0,0,0,0,0,0,0,0,0,0,0,0,0,0,0,0,0,0,0,0,0,0,0,0,0,0,0,0,0,0,0,0,0,0.0620275153379457,0,0.0326747952540568,0,0,0,0,0,0,0,0,0,0,0,0,0,0,0,0,0,0,0,0,0,0,0,0,0,0,0,0,0,0,0,0,0,0.104517921065028,0,0,0,0,0,0,0,0,0,0,0,0,0,0,0,0,0,0,0,0.0491049120494605,0,0,0,0,0,0,0,0,0,0,0,0,0,0,0,0,0,0,0,0,0,0,0,0,0,0,0,0,0,0,0,0,0,0,0,0,0,0,0,0,0,0,0,0,0,0,0,0,0,0,0,0,0,0.048264598234649,0,0,0,0,0,0,0,0,0,0,0,0,0,0,0,0,0,0,0,0,0,0,0,0,0,0,0,0,0,0,0,0,0,0,0,0,0,0,0,0,0,0,0,0,0,0,0,0,0,0,0,0,0,0,0,0,0,0,0,0,0,0,0,0,0,0,0,0,0,0,0,0,0,0,0,0,0,0,0,0,0,0,0,0,0,0,0,0,0,0,0,0,0,0,0,0,0,0,0,0,0,0,0,0,0,0,0,0,0,0,0,0,0,0,0,0,0,0,0,0,0,0,0,0,0,0,0,0,0,0,0,0,0,0,0,0,0,0,0,0,0,0,0,0,0,0,0,0,0,0,0,0,0,0,0,0,0,0,0,0,0,0,0,0,0,0,0,0,0,0,0,0,0,0,0,0,0,0,0,0,0,0,0,0,0,0,0,0,0,0,0,0,0,0,0,0,0,0,0,0,0,0,0,0,0,0,0,0,0,0,0,0,0,0,0,0,0,0,0,0,0,0
"OTU_0000037",0,0,0,0,0,0,0,0,0,0,0,0,0,0,0,0,0,0,0,0,0,0,0,0,0,0,0,0,0,0,0,0,0,0,0,0,0,0,0,0,0,0,0,0,0,0,0,0,0,0,0,0,0,0,0,0,0,0,0,0,0,0,0,0,0,0,0,0,0,0,0,0,0,0,0,0,0,0,0,0,0,0,0,0,0,0,0,0,0,0,0,0,0,0,0,0,0,0,0,0,0,0,0,0,0,0,0,0,0,0,0,0,0,0,0,0,0,0,0,0,0,0,0,0,0,0,0,0,0,0,0,0,0,0,0,0,0,0,0,0,0,0,0,0,0,0,0,0,0,0,0,0,0,0,0,0,0,0,0,0,0,0,0,0,0,0,0,0,0,0,0,0,0,0,0,0,0,0,0,0,0,0,0,0,0,0,0,0,0,0,0,0,0,0,0,0,0,0,0,0,0,0,0,0,0,0,0,0,0,0,0,0,0,0,0,0,0,0,0,0,0,0,0,0,0,0,0,0,0,0,0,0,0,0,0,0,0,0,0,0,0,0,0,0,0,0,0,0,0,0,0,0,0,0,0,0,0,0,0,0,0,0,0,0,0,0,0,0,0,0,0,0,0,0,0,0,0,0,0,0,0,0,0,0,0,0,0,0,0,0,0,0,0,0,0,0,0,0,0,0,0,0,0,0,0,0,0,0,0,0,0,0,0,0,0,0,0,0,0,0,0,0,0,0,0,0,0,0,0,0,0,0,0,0,0,0,0,0,0,0,0,0,0,0,0,0,0,0,0,0,0,0,0,0,0,0,0,0,0,0,0,0,0,0,0,0,0,0,0,0,0,0,0,0,0,0,0,0,0,0,0,0,0,0,0,0,0,0,0,0,0,0,0,0,0,0,0,0,0,0,0,0,0,0,0,0,0,0,0,0,0,0,0,0,0,0,0,0,0,0,0,0,0,0,0,0,0,0,0,0,0,0
